"Date","Price","Open","High","Low","Vol.","Change %"
"05/11/2026","8.290","8.187","8.404","8.103","3.74M","1.84%"
"05/08/2026","8.140","8.282","8.282","8.110","4.92M","-2.77%"
"05/07/2026","8.372","8.332","8.684","8.290","8.18M","1.82%"
"05/06/2026","8.222","7.872","8.390","7.800","14.93M","6.34%"
"05/05/2026","7.732","7.500","7.790","7.500","6.68M","3.20%"
"05/04/2026","7.492","7.440","7.616","7.398","7.99M","2.21%"
"04/30/2026","7.330","7.066","7.394","7.020","5.24M","3.07%"
"04/29/2026","7.112","7.166","7.168","7.062","3.66M","-0.48%"
"04/28/2026","7.146","7.222","7.240","7.122","5.29M","-1.35%"
"04/27/2026","7.244","7.326","7.350","7.190","5.29M","-0.08%"
"04/24/2026","7.250","7.400","7.420","7.242","6.13M","-2.63%"
"04/23/2026","7.446","7.400","7.460","7.258","7.20M","-0.51%"
"04/22/2026","7.484","7.748","7.780","7.458","9.68M","-2.86%"
"04/21/2026","7.704","7.860","7.908","7.656","6.21M","-1.15%"
"04/20/2026","7.794","7.770","7.892","7.718","6.01M","-3.42%"
"04/17/2026","8.070","7.600","8.132","7.530","14.86M","6.86%"
"04/16/2026","7.552","7.750","7.834","7.538","6.73M","-3.43%"
"04/15/2026","7.820","7.976","7.976","7.742","5.01M","-2.30%"
"04/14/2026","8.004","7.798","8.030","7.776","5.26M","3.06%"
"04/13/2026","7.766","7.700","7.766","7.580","6.52M","-2.24%"
"04/10/2026","7.944","7.930","8.124","7.804","5.84M","1.04%"
"04/09/2026","7.862","7.906","7.918","7.762","5.40M","-3.18%"
"04/08/2026","8.120","8.210","8.292","8.070","13.72M","10.27%"
"04/07/2026","7.364","7.570","7.570","7.334","5.90M","-1.84%"
"04/02/2026","7.502","7.456","7.554","7.348","6.26M","-3.42%"
"04/01/2026","7.768","7.716","7.780","7.522","8.22M","7.95%"
"03/31/2026","7.196","7.250","7.344","7.196","5.94M","-0.66%"
"03/30/2026","7.244","7.326","7.382","7.234","6.51M","-1.50%"
"03/27/2026","7.354","7.534","7.556","7.354","5.68M","-2.36%"
"03/26/2026","7.532","7.600","7.630","7.490","5.76M","-1.13%"
"03/25/2026","7.618","7.600","7.666","7.540","6.06M","2.26%"
"03/24/2026","7.450","7.554","7.572","7.358","5.48M","-1.84%"
"03/23/2026","7.590","7.148","7.768","6.992","12.44M","3.35%"
"03/20/2026","7.344","7.390","7.538","7.234","12.34M","-1.16%"
"03/19/2026","7.430","7.690","7.726","7.386","9.50M","-5.83%"
"03/18/2026","7.890","8.050","8.096","7.824","5.80M","0.05%"
"03/17/2026","7.886","7.730","7.964","7.644","7.59M","2.15%"
"03/16/2026","7.720","7.646","7.808","7.540","5.31M","1.50%"
"03/13/2026","7.606","7.588","7.758","7.510","7.70M","-2.29%"
"03/12/2026","7.784","7.996","8.046","7.748","7.80M","-3.54%"
"03/11/2026","8.070","8.100","8.108","7.946","6.59M","-1.61%"
"03/10/2026","8.202","8.100","8.252","7.984","10.26M","7.89%"
"03/09/2026","7.602","7.800","7.914","7.502","13.95M","-6.38%"
"03/06/2026","8.120","8.162","8.444","7.902","10.90M","0.00%"
"03/05/2026","8.120","8.320","8.448","8.064","9.78M","-3.20%"
"03/04/2026","8.388","8.300","8.564","8.148","6.86M","1.50%"
"03/03/2026","8.264","8.630","8.634","8.116","8.93M","-4.06%"
"03/02/2026","8.614","8.214","8.714","8.060","12.47M","-5.22%"
"02/27/2026","9.088","9.332","9.378","8.980","7.15M","-3.59%"
"02/26/2026","9.426","9.228","9.426","9.130","5.04M","2.64%"
"02/25/2026","9.184","9.116","9.186","9.064","2.26M","0.50%"
"02/24/2026","9.138","9.202","9.240","9.054","2.96M","-0.46%"
"02/23/2026","9.180","9.112","9.496","9.112","4.30M","1.01%"
"02/20/2026","9.088","9.112","9.210","9.020","2.78M","-0.15%"
"02/19/2026","9.102","9.300","9.476","9.038","4.75M","-0.96%"
"02/18/2026","9.190","9.290","9.320","8.968","3.56M","-0.84%"
"02/17/2026","9.268","9.224","9.268","9.078","2.47M","0.26%"
"02/16/2026","9.244","9.148","9.262","9.084","1.84M","1.54%"
"02/13/2026","9.104","9.000","9.240","8.994","3.16M","1.11%"
"02/12/2026","9.004","8.976","9.116","8.918","3.32M","1.51%"
"02/11/2026","8.870","8.998","9.000","8.786","6.20M","-4.03%"
"02/10/2026","9.242","9.538","9.590","9.238","3.58M","-2.72%"
"02/09/2026","9.500","9.304","9.500","9.232","5.74M","3.13%"
"02/06/2026","9.212","9.050","9.212","8.964","5.14M","2.54%"
"02/05/2026","8.984","9.070","9.136","8.868","2.75M","-0.77%"
"02/04/2026","9.054","9.002","9.098","8.972","3.16M","0.69%"
"02/03/2026","8.992","8.994","9.016","8.908","3.03M","0.76%"
"02/02/2026","8.924","8.750","8.948","8.748","3.71M","2.57%"
"01/30/2026","8.700","8.698","8.800","8.644","3.30M","0.69%"
"01/29/2026","8.640","8.724","8.840","8.558","3.05M","-0.48%"
"01/28/2026","8.682","8.640","8.734","8.574","2.74M","-0.64%"
"01/27/2026","8.738","8.750","8.778","8.666","3.34M","-0.36%"
"01/26/2026","8.770","8.766","8.818","8.644","3.12M","-0.39%"
"01/23/2026","8.804","8.942","8.942","8.688","4.58M","-1.89%"
"01/22/2026","8.974","8.802","9.040","8.802","6.30M","3.84%"
"01/21/2026","8.642","8.400","8.708","8.398","4.09M","3.45%"
"01/20/2026","8.354","8.402","8.410","8.246","3.53M","-0.88%"
"01/19/2026","8.428","8.260","8.478","8.236","3.00M","0.67%"
"01/16/2026","8.372","8.448","8.454","8.334","2.28M","-0.90%"
"01/15/2026","8.448","8.400","8.460","8.302","3.63M","2.75%"
"01/14/2026","8.222","8.522","8.562","8.192","7.43M","-5.52%"
"01/13/2026","8.702","8.826","8.852","8.610","4.16M","-0.87%"
"01/12/2026","8.778","8.822","8.830","8.672","3.90M","-1.04%"
"01/09/2026","8.870","9.042","9.088","8.842","4.60M","-2.21%"
"01/08/2026","9.070","9.166","9.236","9.052","3.39M","-1.13%"
"01/07/2026","9.174","9.106","9.248","8.960","8.22M","2.96%"
"01/06/2026","8.910","8.710","8.910","8.686","4.45M","2.93%"
"01/05/2026","8.656","8.598","8.658","8.476","3.75M","0.86%"
"01/02/2026","8.582","8.452","8.590","8.410","2.44M","2.09%"
"12/30/2025","8.406","8.348","8.422","8.292","1.30M","0.43%"
"12/29/2025","8.370","8.390","8.430","8.296","2.76M","-0.59%"
"12/23/2025","8.420","8.552","8.552","8.382","1.80M","-1.34%"
"12/22/2025","8.534","8.562","8.570","8.458","2.67M","-0.42%"
"12/19/2025","8.570","8.688","8.760","8.522","5.52M","-1.06%"
"12/18/2025","8.662","8.530","8.674","8.470","3.60M","1.29%"
"12/17/2025","8.552","8.590","8.594","8.390","3.92M","-0.54%"
"12/16/2025","8.598","8.548","8.730","8.540","5.72M","1.01%"
"12/15/2025","8.512","8.480","8.546","8.438","2.65M","0.54%"
"12/12/2025","8.466","8.280","8.638","8.272","9.90M","4.78%"
"12/11/2025","8.080","7.982","8.138","7.968","2.64M","1.53%"
"12/10/2025","7.958","8.114","8.120","7.938","2.74M","-2.07%"
"12/09/2025","8.126","8.252","8.252","8.010","3.03M","-1.57%"
"12/08/2025","8.256","8.350","8.470","8.228","3.80M","0.34%"
"12/05/2025","8.228","8.232","8.304","8.170","3.91M","0.15%"
"12/04/2025","8.216","8.230","8.306","8.158","2.62M","0.12%"
"12/03/2025","8.206","8.300","8.300","8.168","3.18M","-1.11%"
"12/02/2025","8.298","8.350","8.356","8.212","3.50M","-0.65%"
"12/01/2025","8.352","8.300","8.390","8.224","4.10M","0.99%"
"11/28/2025","8.270","8.172","8.278","8.136","4.19M","1.20%"
"11/27/2025","8.172","8.150","8.208","8.124","2.28M","-0.27%"
"11/26/2025","8.194","8.150","8.234","8.088","3.68M","0.59%"
"11/25/2025","8.146","8.052","8.218","7.900","5.28M","1.04%"
"11/24/2025","8.062","8.000","8.144","7.954","9.24M","1.51%"
"11/21/2025","7.942","7.720","8.064","7.720","5.44M","1.82%"
"11/20/2025","7.800","7.960","7.982","7.784","2.80M","-1.34%"
"11/19/2025","7.906","7.612","8.028","7.612","5.48M","3.56%"
"11/18/2025","7.634","7.522","7.686","7.520","3.30M","-0.18%"
"11/17/2025","7.648","7.852","7.868","7.638","2.43M","-2.70%"
"11/14/2025","7.860","7.776","8.000","7.760","4.47M","1.11%"
"11/13/2025","7.774","7.880","7.924","7.752","3.30M","-1.04%"
"11/12/2025","7.856","7.780","7.856","7.672","3.51M","1.63%"
"11/11/2025","7.730","7.548","7.752","7.498","3.29M","2.74%"
"11/10/2025","7.524","7.418","7.554","7.396","4.81M","3.47%"
"11/07/2025","7.272","7.470","7.492","7.246","3.85M","-2.62%"
"11/06/2025","7.468","7.712","7.740","7.440","3.84M","-3.41%"
"11/05/2025","7.732","7.700","7.808","7.638","3.19M","-0.49%"
"11/04/2025","7.770","7.940","7.984","7.720","5.82M","-3.24%"
"11/03/2025","8.030","7.636","8.032","7.600","10.48M","5.74%"
"10/31/2025","7.594","7.530","7.612","7.408","6.32M","1.82%"
"10/30/2025","7.458","7.020","7.492","7.020","10.29M","7.40%"
"10/29/2025","6.944","6.846","7.020","6.844","5.16M","0.17%"
"10/28/2025","6.932","6.858","6.970","6.846","4.35M","0.81%"
"10/27/2025","6.876","6.930","6.940","6.830","3.52M","-0.95%"
"10/24/2025","6.942","6.976","7.000","6.724","5.18M","-0.43%"
"10/23/2025","6.972","7.018","7.082","6.946","5.63M","-2.08%"
"10/22/2025","7.120","7.190","7.216","7.100","4.14M","-0.86%"
"10/21/2025","7.182","7.270","7.286","7.182","2.74M","-1.37%"
"10/20/2025","7.282","7.302","7.328","7.190","2.21M","0.75%"
"10/17/2025","7.228","7.262","7.294","7.134","3.03M","-1.82%"
"10/16/2025","7.362","7.222","7.362","7.192","4.07M","1.63%"
"10/15/2025","7.244","7.366","7.400","7.244","3.89M","-2.27%"
"10/14/2025","7.412","7.318","7.416","7.234","3.29M","0.52%"
"10/13/2025","7.374","7.380","7.444","7.362","1.60M","0.33%"
"10/10/2025","7.350","7.512","7.570","7.350","3.20M","-2.34%"
"10/09/2025","7.526","7.434","7.600","7.434","4.15M","1.65%"
"10/08/2025","7.404","7.316","7.480","7.296","3.58M","0.60%"
"10/07/2025","7.360","7.328","7.416","7.294","2.57M","0.77%"
"10/06/2025","7.304","7.316","7.324","7.232","2.62M","-0.46%"
"10/03/2025","7.338","7.374","7.422","7.332","3.48M","-0.30%"
"10/02/2025","7.360","7.334","7.412","7.284","3.87M","0.66%"
"10/01/2025","7.312","7.124","7.374","7.090","5.00M","1.44%"
"09/30/2025","7.208","7.750","7.766","7.178","13.49M","-7.14%"
"09/29/2025","7.762","7.820","7.924","7.744","4.05M","0.15%"
"09/26/2025","7.750","7.640","7.888","7.634","5.58M","1.57%"
"09/25/2025","7.630","7.474","7.630","7.396","4.61M","1.57%"
"09/24/2025","7.512","7.422","7.552","7.372","3.10M","0.99%"
"09/23/2025","7.438","7.340","7.452","7.314","2.84M","1.56%"
"09/22/2025","7.324","7.374","7.392","7.296","3.43M","-1.43%"
"09/19/2025","7.430","7.500","7.534","7.384","4.99M","-0.77%"
"09/18/2025","7.488","7.500","7.566","7.446","2.90M","0.03%"
"09/17/2025","7.486","7.432","7.486","7.400","3.06M","1.22%"
"09/16/2025","7.396","7.438","7.478","7.386","3.32M","-0.54%"
"09/15/2025","7.436","7.464","7.498","7.384","3.29M","-0.08%"
"09/12/2025","7.442","7.572","7.604","7.408","2.81M","-1.19%"
"09/11/2025","7.532","7.432","7.564","7.408","3.70M","1.43%"
"09/10/2025","7.426","7.590","7.590","7.404","3.00M","-2.19%"
"09/09/2025","7.592","7.580","7.618","7.504","2.34M","0.29%"
"09/08/2025","7.570","7.572","7.608","7.496","1.87M","0.13%"
"09/05/2025","7.560","7.524","7.586","7.460","3.16M","0.96%"
"09/04/2025","7.488","7.672","7.676","7.470","4.85M","-2.68%"
"09/03/2025","7.694","7.594","7.742","7.474","8.00M","-0.47%"
"09/02/2025","7.730","7.898","7.902","7.724","3.71M","-2.47%"
"09/01/2025","7.926","7.960","7.984","7.912","3.31M","-0.38%"
"08/29/2025","7.956","7.970","7.990","7.892","2.81M","-0.30%"
"08/28/2025","7.980","8.060","8.098","7.978","2.34M","-0.55%"
"08/27/2025","8.024","8.118","8.186","7.940","4.23M","-1.38%"
"08/26/2025","8.136","8.132","8.172","8.092","3.51M","-0.78%"
"08/25/2025","8.200","8.282","8.386","8.200","3.06M","-0.87%"
"08/22/2025","8.272","8.110","8.296","8.110","3.55M","1.65%"
"08/21/2025","8.138","8.200","8.200","8.044","3.90M","-1.38%"
"08/20/2025","8.252","8.304","8.350","8.224","3.41M","-1.15%"
"08/19/2025","8.348","8.250","8.374","8.250","3.97M","1.34%"
"08/18/2025","8.238","8.322","8.330","8.202","2.51M","-1.25%"
"08/15/2025","8.342","8.300","8.352","8.264","4.46M","1.02%"
"08/14/2025","8.258","8.124","8.258","8.118","5.50M","1.45%"
"08/13/2025","8.140","8.100","8.160","8.090","4.98M","0.99%"
"08/12/2025","8.060","8.004","8.094","7.928","4.31M","0.02%"
"08/11/2025","8.058","8.060","8.140","8.018","4.21M","0.27%"
"08/08/2025","8.036","7.938","8.086","7.912","6.69M","1.16%"
"08/07/2025","7.944","7.648","8.002","7.648","14.20M","4.42%"
"08/06/2025","7.608","7.500","7.630","7.470","4.98M","2.12%"
"08/05/2025","7.450","7.418","7.496","7.398","3.02M","1.03%"
"08/04/2025","7.374","7.398","7.532","7.324","4.68M","1.01%"
"08/01/2025","7.300","7.450","7.482","7.232","6.88M","-3.23%"
"07/31/2025","7.544","7.700","7.700","7.344","8.84M","0.88%"
"07/30/2025","7.478","7.602","7.630","7.478","4.88M","-1.99%"
"07/29/2025","7.630","7.664","7.728","7.604","2.99M","0.10%"
"07/28/2025","7.622","7.750","7.798","7.596","4.85M","-1.01%"
"07/25/2025","7.700","7.624","7.706","7.580","3.45M","0.16%"
"07/24/2025","7.688","7.700","7.744","7.610","4.66M","0.37%"
"07/23/2025","7.660","7.534","7.660","7.510","5.86M","2.46%"
"07/22/2025","7.476","7.500","7.532","7.386","2.95M","-0.40%"
"07/21/2025","7.506","7.500","7.600","7.456","4.40M","0.94%"
"07/18/2025","7.436","7.496","7.544","7.410","3.54M","-0.77%"
"07/17/2025","7.494","7.490","7.536","7.390","4.31M","1.30%"
"07/16/2025","7.398","7.346","7.578","7.342","5.78M","0.41%"
"07/15/2025","7.368","7.360","7.428","7.330","2.97M","0.41%"
"07/14/2025","7.338","7.200","7.346","7.150","3.92M","-0.62%"
"07/11/2025","7.384","7.440","7.536","7.374","3.58M","-1.49%"
"07/10/2025","7.496","7.438","7.512","7.370","6.75M","1.11%"
"07/09/2025","7.414","7.390","7.496","7.376","4.54M","0.19%"
"07/08/2025","7.400","7.274","7.400","7.230","4.75M","1.79%"
"07/07/2025","7.270","7.144","7.270","7.120","2.99M","1.54%"
"07/04/2025","7.160","7.288","7.320","7.152","3.30M","-2.13%"
"07/03/2025","7.316","7.328","7.372","7.256","2.93M","0.11%"
"07/02/2025","7.308","7.190","7.386","7.174","5.26M","0.72%"
"07/01/2025","7.256","7.202","7.308","7.196","4.30M","1.06%"
"06/30/2025","7.180","7.196","7.226","7.088","4.75M","0.39%"
"06/27/2025","7.152","7.118","7.152","7.070","3.54M","1.22%"
"06/26/2025","7.066","7.090","7.140","7.016","2.54M","0.23%"
"06/25/2025","7.050","7.250","7.260","6.950","8.26M","-2.41%"
"06/24/2025","7.224","7.100","7.250","7.092","12.87M","6.49%"
"06/23/2025","6.784","6.686","6.832","6.684","4.69M","-0.93%"
"06/20/2025","6.848","6.768","6.864","6.760","12.82M","2.12%"
"06/19/2025","6.706","6.748","6.810","6.686","3.75M","-1.96%"
"06/18/2025","6.840","6.778","6.922","6.748","7.98M","0.29%"
"06/17/2025","6.820","6.956","6.956","6.802","6.73M","-2.63%"
"06/16/2025","7.004","6.884","7.070","6.866","6.30M","1.77%"
"06/13/2025","6.882","6.736","6.910","6.662","10.21M","-2.77%"
"06/12/2025","7.078","7.210","7.214","7.046","7.40M","-3.70%"
"06/11/2025","7.350","7.342","7.420","7.330","4.75M","-0.08%"
"06/10/2025","7.356","7.290","7.392","7.276","3.93M","0.91%"
"06/09/2025","7.290","7.156","7.320","7.142","3.88M","1.87%"
"06/06/2025","7.156","7.112","7.178","7.102","2.91M","0.68%"
"06/05/2025","7.108","7.274","7.280","7.040","6.21M","-2.71%"
"06/04/2025","7.306","7.200","7.340","7.188","7.58M","1.64%"
"06/03/2025","7.188","7.130","7.188","7.086","5.71M","1.24%"
"06/02/2025","7.100","6.964","7.110","6.938","5.53M","0.77%"
"05/30/2025","7.046","7.030","7.118","7.030","9.17M","0.37%"
"05/29/2025","7.020","6.900","7.122","6.896","6.49M","2.30%"
"05/28/2025","6.862","6.794","6.866","6.780","4.30M","1.15%"
"05/27/2025","6.784","6.688","6.802","6.680","4.73M","1.44%"
"05/26/2025","6.688","6.650","6.720","6.626","3.65M","2.04%"
"05/23/2025","6.554","6.656","6.740","6.412","6.37M","-1.38%"
"05/22/2025","6.646","6.596","6.656","6.574","4.30M","-0.54%"
"05/21/2025","6.682","6.700","6.702","6.562","6.71M","-0.80%"
"05/20/2025","6.736","6.700","6.774","6.668","3.78M","0.69%"
"05/19/2025","6.690","6.540","6.690","6.540","4.54M","2.61%"
"05/16/2025","6.520","6.664","6.666","6.504","3.36M","-2.04%"
"05/15/2025","6.656","6.502","6.658","6.496","7.72M","2.09%"
"05/14/2025","6.520","6.542","6.578","6.386","7.37M","-0.94%"
"05/13/2025","6.582","6.596","6.618","6.532","4.01M","0.18%"
"05/12/2025","6.570","6.400","6.656","6.400","10.97M","4.65%"
"05/09/2025","6.278","6.348","6.374","6.260","6.30M","-0.51%"
"05/08/2025","6.310","6.260","6.334","6.230","6.20M","1.51%"
"05/07/2025","6.216","6.228","6.324","6.196","6.04M","-3.87%"
"05/06/2025","6.466","6.650","6.696","6.366","7.93M","-2.24%"
"05/05/2025","6.614","6.530","6.658","6.526","5.29M","2.32%"
"05/02/2025","6.464","6.386","6.472","6.350","5.80M","2.34%"
"04/30/2025","6.316","6.288","6.358","6.162","6.81M","1.19%"
"04/29/2025","6.242","6.516","6.594","6.126","14.47M","-4.50%"
"04/28/2025","6.536","6.490","6.590","6.472","6.29M","0.80%"
"04/25/2025","6.484","6.426","6.490","6.394","4.97M","2.01%"
"04/24/2025","6.356","6.394","6.426","6.318","4.16M","-1.18%"
"04/23/2025","6.432","6.288","6.492","6.266","6.43M","4.35%"
"04/22/2025","6.164","6.134","6.220","6.112","4.01M","0.29%"
"04/17/2025","6.146","6.188","6.228","6.080","2.97M","-0.97%"
"04/16/2025","6.206","6.122","6.206","6.048","4.56M","0.98%"
"04/15/2025","6.146","6.090","6.192","6.056","4.53M","1.22%"
"04/14/2025","6.072","6.060","6.128","5.990","5.26M","2.78%"
"04/11/2025","5.908","6.038","6.042","5.788","8.14M","-0.91%"
"04/10/2025","5.962","6.400","6.448","5.962","12.80M","2.58%"
"04/09/2025","5.812","5.774","5.928","5.700","11.89M","-2.29%"
"04/08/2025","5.948","6.058","6.060","5.876","9.76M","1.43%"
"04/07/2025","5.864","5.678","6.100","5.532","20.71M","-3.46%"
"04/04/2025","6.074","6.250","6.316","5.806","14.54M","-4.38%"
"04/03/2025","6.352","6.500","6.552","6.314","10.47M","-4.77%"
"04/02/2025","6.670","6.652","6.712","6.558","4.71M","-0.12%"
"04/01/2025","6.678","6.780","6.836","6.656","4.62M","-0.27%"
"03/31/2025","6.696","6.900","6.934","6.628","8.66M","-4.32%"
"03/28/2025","6.998","7.140","7.208","6.966","5.68M","-2.97%"
"03/27/2025","7.212","7.240","7.254","7.134","5.10M","-1.26%"
"03/26/2025","7.304","7.472","7.482","7.296","4.14M","-1.43%"
"03/25/2025","7.410","7.392","7.498","7.340","3.37M","0.90%"
"03/24/2025","7.344","7.516","7.548","7.344","3.61M","-0.76%"
"03/21/2025","7.400","7.446","7.486","7.302","10.84M","-1.67%"
"03/20/2025","7.526","7.670","7.740","7.524","6.44M","-2.16%"
"03/19/2025","7.692","7.728","7.774","7.624","5.41M","-1.61%"
"03/18/2025","7.818","7.730","7.876","7.688","8.85M","1.53%"
"03/17/2025","7.700","7.604","7.772","7.600","7.64M","1.82%"
"03/14/2025","7.562","7.420","7.700","7.404","9.77M","1.83%"
"03/13/2025","7.426","7.200","7.528","7.198","8.00M","2.23%"
"03/12/2025","7.264","7.384","7.408","7.166","11.25M","-2.42%"
"03/11/2025","7.444","7.700","7.756","7.400","13.37M","-5.29%"
"03/10/2025","7.860","8.002","8.040","7.678","9.67M","-1.60%"
"03/07/2025","7.988","7.924","8.062","7.742","15.13M","-0.92%"
"03/06/2025","8.062","7.220","8.160","7.142","47.87M","12.22%"
"03/05/2025","7.184","6.800","7.250","6.800","21.40M","7.84%"
"03/04/2025","6.662","6.930","6.950","6.662","7.34M","-4.64%"
"03/03/2025","6.986","6.878","6.996","6.792","8.55M","1.16%"
"02/28/2025","6.906","6.900","6.990","6.856","13.70M","0.26%"
"02/27/2025","6.888","6.814","6.934","6.794","6.81M","0.53%"
"02/26/2025","6.852","6.660","6.852","6.646","9.02M","2.91%"
"02/25/2025","6.658","6.542","6.734","6.514","6.78M","1.25%"
"02/24/2025","6.576","6.454","6.676","6.420","10.85M","2.85%"
"02/21/2025","6.394","6.396","6.442","6.360","6.88M","-0.06%"
"02/20/2025","6.398","6.418","6.546","6.398","7.06M","0.06%"
"02/19/2025","6.394","6.686","6.724","6.336","13.09M","-4.60%"
"02/18/2025","6.702","6.740","6.850","6.684","6.76M","-0.68%"
"02/17/2025","6.748","6.682","6.818","6.658","5.79M","0.42%"
"02/14/2025","6.720","6.764","6.834","6.698","6.31M","-0.97%"
"02/13/2025","6.786","6.756","6.912","6.706","12.74M","2.76%"
"02/12/2025","6.604","6.478","6.726","6.476","10.24M","3.12%"
"02/11/2025","6.404","6.620","6.634","6.296","10.06M","-3.87%"
"02/10/2025","6.662","6.690","6.756","6.632","5.09M","-0.33%"
"02/07/2025","6.684","6.572","6.786","6.546","11.37M","1.43%"
"02/06/2025","6.590","6.284","6.590","6.258","11.85M","5.41%"
"02/05/2025","6.252","6.190","6.272","6.138","4.67M","1.13%"
"02/04/2025","6.182","6.250","6.270","6.182","5.09M","-1.06%"
"02/03/2025","6.248","6.080","6.264","6.050","5.91M","-0.29%"
"01/31/2025","6.266","6.314","6.342","6.238","2.95M","-0.92%"
"01/30/2025","6.324","6.182","6.364","6.168","5.40M","2.26%"
"01/29/2025","6.184","6.332","6.376","6.142","6.87M","-2.64%"
"01/28/2025","6.352","6.274","6.390","6.270","6.11M","1.28%"
"01/27/2025","6.272","6.180","6.312","6.144","7.41M","1.55%"
"01/24/2025","6.176","6.058","6.256","6.034","9.45M","2.12%"
"01/23/2025","6.048","5.940","6.098","5.934","7.33M","1.44%"
"01/22/2025","5.962","5.980","5.990","5.872","4.15M","0.20%"
"01/21/2025","5.950","5.868","5.962","5.842","3.83M","0.85%"
"01/20/2025","5.900","5.850","5.936","5.794","5.70M","1.79%"
"01/17/2025","5.796","5.760","5.822","5.708","5.50M","1.65%"
"01/16/2025","5.702","5.734","5.776","5.654","5.31M","-0.31%"
"01/15/2025","5.720","5.744","5.794","5.692","6.72M","-0.35%"
"01/14/2025","5.740","5.638","5.816","5.622","10.52M","3.24%"
"01/13/2025","5.560","5.600","5.606","5.524","6.31M","-0.96%"
"01/10/2025","5.614","5.596","5.698","5.534","11.70M","0.43%"
"01/09/2025","5.590","5.792","5.792","5.586","14.73M","-4.35%"
"01/08/2025","5.844","5.916","5.948","5.808","5.99M","-1.52%"
"01/07/2025","5.934","6.060","6.060","5.906","7.58M","0.30%"
"01/06/2025","5.916","6.032","6.076","5.838","10.32M","-1.96%"
"01/03/2025","6.034","6.150","6.184","6.008","5.54M","-2.01%"
"01/02/2025","6.158","6.180","6.242","6.084","3.90M","-0.29%"
"12/30/2024","6.176","6.110","6.284","6.110","3.29M","0.65%"
"12/27/2024","6.136","6.200","6.262","6.124","5.35M","-0.94%"
"12/23/2024","6.194","6.212","6.258","6.146","3.52M","-0.19%"
"12/20/2024","6.206","6.134","6.208","6.082","8.79M","0.78%"
"12/19/2024","6.158","6.144","6.236","6.118","6.41M","-1.47%"
"12/18/2024","6.250","6.430","6.480","6.186","9.24M","-2.89%"
"12/17/2024","6.436","6.610","6.654","6.432","4.37M","-3.31%"
"12/16/2024","6.656","6.712","6.768","6.604","3.96M","-1.39%"
"12/13/2024","6.750","6.698","6.780","6.698","6.06M","0.54%"
"12/12/2024","6.714","6.570","6.734","6.534","5.44M","2.25%"
"12/11/2024","6.566","6.678","6.678","6.562","3.77M","-1.05%"
"12/10/2024","6.636","6.610","6.712","6.594","3.04M","-0.09%"
"12/09/2024","6.642","6.700","6.736","6.628","3.64M","-0.39%"
"12/06/2024","6.668","6.622","6.740","6.572","6.17M","1.12%"
"12/05/2024","6.594","6.284","6.634","6.284","8.58M","4.87%"
"12/04/2024","6.288","6.412","6.442","6.276","4.32M","-1.84%"
"12/03/2024","6.406","6.340","6.436","6.336","3.54M","1.01%"
"12/02/2024","6.342","6.316","6.366","6.256","4.38M","0.09%"
"11/29/2024","6.336","6.296","6.336","6.272","2.40M","0.41%"
"11/28/2024","6.310","6.166","6.364","6.164","4.45M","2.64%"
"11/27/2024","6.148","6.130","6.194","6.126","1.66M","-0.16%"
"11/26/2024","6.158","6.180","6.186","6.114","3.45M","-0.71%"
"11/25/2024","6.202","6.082","6.242","6.052","9.07M","2.41%"
"11/22/2024","6.056","6.104","6.122","6.010","3.60M","-0.85%"
"11/21/2024","6.108","6.156","6.168","6.042","3.85M","-0.91%"
"11/20/2024","6.164","6.298","6.330","6.164","3.18M","-1.56%"
"11/19/2024","6.262","6.270","6.292","6.026","6.04M","-0.57%"
"11/18/2024","6.298","6.450","6.452","6.286","3.71M","-1.84%"
"11/15/2024","6.416","6.240","6.450","6.238","5.76M","2.79%"
"11/14/2024","6.242","6.154","6.248","6.140","2.74M","1.36%"
"11/13/2024","6.158","6.274","6.312","6.126","3.98M","-2.07%"
"11/12/2024","6.288","6.320","6.364","6.264","4.07M","-1.29%"
"11/11/2024","6.370","6.340","6.386","6.302","3.52M","0.95%"
"11/08/2024","6.310","6.272","6.396","6.266","4.20M","1.06%"
"11/07/2024","6.244","6.230","6.316","6.180","4.23M","-0.51%"
"11/06/2024","6.276","6.280","6.482","6.274","6.67M","1.39%"
"11/05/2024","6.190","6.200","6.258","6.168","4.46M","0.55%"
"11/04/2024","6.156","6.150","6.226","6.110","4.27M","-0.29%"
"11/01/2024","6.174","6.250","6.288","6.162","6.35M","-2.96%"
"10/31/2024","6.362","6.300","6.442","6.288","3.58M","0.28%"
"10/30/2024","6.344","6.538","6.540","6.308","7.10M","-2.55%"
"10/29/2024","6.510","6.776","6.834","6.480","11.48M","-5.18%"
"10/28/2024","6.866","6.920","7.032","6.820","8.14M","2.11%"
"10/25/2024","6.724","6.712","6.754","6.686","2.24M","-0.21%"
"10/24/2024","6.738","6.650","6.804","6.650","5.01M","1.63%"
"10/23/2024","6.630","6.770","6.818","6.630","3.02M","-1.92%"
"10/22/2024","6.760","6.680","6.866","6.680","4.20M","1.17%"
"10/21/2024","6.682","6.760","6.814","6.654","3.79M","-1.24%"
"10/18/2024","6.766","6.772","6.850","6.758","3.66M","-0.32%"
"10/17/2024","6.788","6.790","6.840","6.742","5.51M","1.34%"
"10/16/2024","6.698","6.670","6.706","6.540","4.66M","0.24%"
"10/15/2024","6.682","6.550","6.738","6.546","8.12M","3.24%"
"10/14/2024","6.472","6.430","6.480","6.372","3.54M","0.53%"
"10/11/2024","6.438","6.480","6.502","6.384","3.33M","-0.74%"
"10/10/2024","6.486","6.516","6.536","6.354","4.79M","0.75%"
"10/09/2024","6.438","6.308","6.446","6.304","3.32M","1.55%"
"10/08/2024","6.340","6.214","6.362","6.194","3.80M","1.12%"
"10/07/2024","6.270","6.266","6.380","6.226","4.34M","0.80%"
"10/04/2024","6.220","6.110","6.240","6.090","4.94M","2.00%"
"10/03/2024","6.098","6.118","6.200","6.068","4.44M","-0.52%"
"10/02/2024","6.130","6.372","6.372","6.104","12.69M","-4.49%"
"10/01/2024","6.418","6.650","6.812","6.376","12.47M","-2.46%"
"09/30/2024","6.580","6.648","6.648","6.514","5.83M","-1.44%"
"09/27/2024","6.676","6.536","6.690","6.524","6.64M","2.33%"
"09/26/2024","6.524","6.448","6.608","6.446","8.66M","2.39%"
"09/25/2024","6.372","6.248","6.402","6.234","5.55M","2.12%"
"09/24/2024","6.240","6.330","6.382","6.236","3.14M","-0.61%"
"09/23/2024","6.278","6.320","6.334","6.204","3.15M","-0.54%"
"09/20/2024","6.312","6.350","6.368","6.296","9.04M","-0.88%"
"09/19/2024","6.368","6.222","6.450","6.222","10.27M","3.01%"
"09/18/2024","6.182","6.152","6.184","6.110","4.70M","0.65%"
"09/17/2024","6.142","5.898","6.186","5.892","9.06M","4.35%"
"09/16/2024","5.886","5.880","5.890","5.834","2.57M","0.03%"
"09/13/2024","5.884","5.794","5.916","5.784","4.56M","1.66%"
"09/12/2024","5.788","5.850","5.916","5.702","6.27M","-0.75%"
"09/11/2024","5.832","5.860","5.940","5.802","3.56M","-0.24%"
"09/10/2024","5.846","5.800","5.850","5.760","4.04M","0.38%"
"09/09/2024","5.824","5.822","5.846","5.774","1.92M","0.52%"
"09/06/2024","5.794","5.898","5.910","5.768","5.92M","-2.03%"
"09/05/2024","5.914","5.734","5.982","5.726","6.99M","3.18%"
"09/04/2024","5.732","5.724","5.758","5.656","3.18M","-1.00%"
"09/03/2024","5.790","5.820","5.854","5.718","3.85M","-0.96%"
"09/02/2024","5.846","5.896","5.896","5.794","2.56M","-0.71%"
"08/30/2024","5.888","5.920","5.954","5.858","5.92M","-0.20%"
"08/29/2024","5.900","5.792","5.908","5.790","4.25M","1.79%"
"08/28/2024","5.796","5.804","5.826","5.766","2.73M","0.14%"
"08/27/2024","5.788","5.692","5.876","5.692","5.01M","2.05%"
"08/26/2024","5.672","5.708","5.718","5.662","1.84M","-0.42%"
"08/23/2024","5.696","5.616","5.704","5.614","3.02M","1.82%"
"08/22/2024","5.594","5.600","5.658","5.594","1.89M","-0.39%"
"08/21/2024","5.616","5.602","5.672","5.588","2.03M","0.11%"
"08/20/2024","5.610","5.640","5.672","5.588","2.54M","0.07%"
"08/19/2024","5.606","5.560","5.676","5.558","3.82M","0.90%"
"08/16/2024","5.556","5.600","5.616","5.546","2.80M","-0.43%"
"08/15/2024","5.580","5.556","5.626","5.510","3.27M","0.58%"
"08/14/2024","5.548","5.558","5.618","5.532","2.96M","0.40%"
"08/13/2024","5.526","5.560","5.600","5.458","3.42M","-0.29%"
"08/12/2024","5.542","5.612","5.638","5.542","2.49M","-1.21%"
"08/09/2024","5.610","5.610","5.700","5.588","3.56M","0.57%"
"08/08/2024","5.578","5.670","5.670","5.564","3.79M","-1.41%"
"08/07/2024","5.658","5.700","5.720","5.620","3.92M","-0.11%"
"08/06/2024","5.664","5.672","5.720","5.588","3.52M","1.07%"
"08/05/2024","5.604","5.426","5.660","5.384","8.01M","0.76%"
"08/02/2024","5.562","5.620","5.662","5.492","7.69M","-1.63%"
"08/01/2024","5.654","5.708","5.798","5.588","7.84M","-2.48%"
"07/31/2024","5.798","5.868","5.942","5.708","5.09M","-1.63%"
"07/30/2024","5.894","5.852","5.954","5.834","4.75M","0.24%"
"07/29/2024","5.880","5.940","5.942","5.830","3.74M","-0.54%"
"07/26/2024","5.912","5.810","5.912","5.786","4.35M","1.34%"
"07/25/2024","5.834","5.668","5.874","5.594","8.54M","2.39%"
"07/24/2024","5.698","5.690","5.810","5.678","5.17M","0.11%"
"07/23/2024","5.692","5.760","5.768","5.692","3.74M","-0.77%"
"07/22/2024","5.736","5.706","5.762","5.646","6.22M","-0.62%"
"07/19/2024","5.772","5.806","5.834","5.700","6.48M","-1.87%"
"07/18/2024","5.882","5.820","5.942","5.788","7.05M","0.72%"
"07/17/2024","5.840","5.648","5.876","5.628","6.36M","3.25%"
"07/16/2024","5.656","5.718","5.736","5.594","7.16M","-2.11%"
"07/15/2024","5.778","5.672","5.798","5.660","7.41M","-1.10%"
"07/12/2024","5.842","5.826","5.886","5.570","14.04M","0.83%"
"07/11/2024","5.794","5.964","5.966","5.726","7.97M","-2.33%"
"07/10/2024","5.932","5.870","6.000","5.860","4.23M","-0.60%"
"07/09/2024","5.968","6.034","6.064","5.946","4.86M","-1.55%"
"07/08/2024","6.062","6.030","6.140","5.992","7.00M","0.53%"
"07/05/2024","6.030","6.010","6.080","5.952","6.33M","0.63%"
"07/04/2024","5.992","5.950","6.006","5.906","4.89M","1.08%"
"07/03/2024","5.928","5.800","5.974","5.754","7.37M","3.10%"
"07/02/2024","5.750","5.752","5.784","5.684","4.97M","-0.10%"
"07/01/2024","5.756","5.848","5.874","5.750","5.71M","0.81%"
"06/28/2024","5.710","5.680","5.726","5.614","6.57M","1.10%"
"06/27/2024","5.648","5.708","5.720","5.648","4.97M","-1.16%"
"06/26/2024","5.714","5.822","5.840","5.686","7.04M","-1.72%"
"06/25/2024","5.814","5.816","5.848","5.740","4.80M","0.07%"
"06/24/2024","5.810","5.770","5.864","5.740","7.30M","1.47%"
"06/21/2024","5.726","5.790","5.790","5.650","13.20M","-1.00%"
"06/20/2024","5.784","5.816","5.884","5.748","12.57M","-3.66%"
"06/19/2024","6.004","5.970","6.020","5.958","3.34M","0.54%"
"06/18/2024","5.972","5.970","6.022","5.940","5.35M","1.43%"
"06/17/2024","5.888","5.920","5.950","5.846","5.33M","-0.14%"
"06/14/2024","5.896","5.974","6.000","5.846","11.12M","-0.81%"
"06/13/2024","5.944","6.142","6.150","5.842","21.42M","-5.47%"
"06/12/2024","6.288","6.172","6.336","6.172","5.28M","1.95%"
"06/11/2024","6.168","6.226","6.232","6.138","5.51M","-1.00%"
"06/10/2024","6.230","6.270","6.272","6.192","5.18M","-1.05%"
"06/07/2024","6.296","6.344","6.372","6.244","5.35M","-0.76%"
"06/06/2024","6.344","6.388","6.410","6.276","5.06M","-0.35%"
"06/05/2024","6.366","6.320","6.410","6.284","5.74M","0.60%"
"06/04/2024","6.328","6.450","6.474","6.266","8.42M","-1.89%"
"06/03/2024","6.450","6.492","6.554","6.408","6.43M","0.44%"
"05/31/2024","6.422","6.334","6.422","6.280","10.00M","1.58%"
"05/30/2024","6.322","6.294","6.340","6.250","4.69M","0.35%"
"05/29/2024","6.300","6.388","6.434","6.292","9.25M","-2.75%"
"05/28/2024","6.478","6.500","6.628","6.452","6.06M","0.19%"
"05/27/2024","6.466","6.400","6.474","6.384","3.83M","1.51%"
"05/24/2024","6.370","6.402","6.416","6.362","4.58M","-1.39%"
"05/23/2024","6.460","6.490","6.530","6.448","4.16M","-0.25%"
"05/22/2024","6.476","6.450","6.506","6.386","5.14M","0.03%"
"05/21/2024","6.474","6.600","6.614","6.460","7.33M","-2.50%"
"05/20/2024","6.640","6.676","6.708","6.624","2.64M","-0.48%"
"05/17/2024","6.672","6.706","6.762","6.638","4.18M","-0.68%"
"05/16/2024","6.718","6.782","6.808","6.706","5.10M","-1.21%"
"05/15/2024","6.800","6.858","6.926","6.800","4.53M","-0.67%"
"05/14/2024","6.846","6.822","6.938","6.812","5.58M","0.56%"
"05/13/2024","6.808","6.710","6.826","6.700","4.35M","2.10%"
"05/10/2024","6.668","6.760","6.834","6.668","6.56M","-0.83%"
"05/09/2024","6.724","6.780","6.804","6.722","3.94M","-1.06%"
"05/08/2024","6.796","6.668","6.906","6.592","10.57M","-0.38%"
"05/07/2024","6.822","6.940","7.078","6.734","11.47M","-1.44%"
"05/06/2024","6.922","6.880","6.950","6.838","3.48M","1.41%"
"05/03/2024","6.826","6.902","6.962","6.826","5.35M","-0.18%"
"05/02/2024","6.838","6.790","6.908","6.746","8.01M","1.85%"
"04/30/2024","6.714","6.688","6.844","6.624","6.17M","-0.42%"
"04/29/2024","6.742","6.730","6.760","6.666","5.96M","0.69%"
"04/26/2024","6.696","6.740","6.842","6.670","5.50M","0.69%"
"04/25/2024","6.650","6.652","6.712","6.620","3.69M","-0.48%"
"04/24/2024","6.682","6.744","6.786","6.668","3.78M","-0.89%"
"04/23/2024","6.742","6.820","6.840","6.712","4.78M","-0.15%"
"04/22/2024","6.752","6.790","6.848","6.752","4.43M","0.54%"
"04/19/2024","6.716","6.588","6.744","6.524","5.91M","0.87%"
"04/18/2024","6.658","6.382","6.726","6.382","11.11M","5.62%"
"04/17/2024","6.304","6.382","6.448","6.302","9.12M","-1.41%"
"04/16/2024","6.394","6.450","6.474","6.330","14.94M","-2.56%"
"04/15/2024","6.562","6.880","7.054","6.516","19.64M","-4.59%"
"04/12/2024","6.878","7.048","7.096","6.812","8.91M","-1.21%"
"04/11/2024","6.962","7.070","7.116","6.912","10.95M","-2.68%"
"04/10/2024","7.154","7.174","7.342","7.066","8.40M","0.68%"
"04/09/2024","7.106","7.104","7.254","7.084","5.79M","-0.25%"
"04/08/2024","7.124","6.950","7.140","6.918","5.94M","2.98%"
"04/05/2024","6.918","7.100","7.118","6.912","9.26M","-4.29%"
"04/04/2024","7.228","7.188","7.256","7.062","3.79M","1.06%"
"04/03/2024","7.152","7.080","7.158","7.024","3.71M","0.70%"
"04/02/2024","7.102","7.290","7.310","7.098","5.55M","-2.46%"
"03/28/2024","7.281","7.270","7.315","7.104","6.35M","1.45%"
"03/27/2024","7.177","7.196","7.207","7.052","6.28M","-1.13%"
"03/26/2024","7.259","7.072","7.259","7.039","7.94M","2.80%"
"03/25/2024","7.061","7.082","7.082","6.984","4.48M","-0.07%"
"03/22/2024","7.066","6.939","7.095","6.921","6.41M","1.99%"
"03/21/2024","6.928","6.951","7.018","6.902","6.09M","1.11%"
"03/20/2024","6.852","6.829","6.880","6.746","4.98M","0.20%"
"03/19/2024","6.838","6.827","6.865","6.798","4.51M","0.13%"
"03/18/2024","6.829","6.850","6.928","6.818","6.54M","0.07%"
"03/15/2024","6.824","6.772","6.876","6.769","9.88M","1.29%"
"03/14/2024","6.737","6.894","6.894","6.708","7.58M","-2.32%"
"03/13/2024","6.897","6.848","6.897","6.770","6.47M","1.35%"
"03/12/2024","6.805","6.850","6.904","6.763","6.80M","0.31%"
"03/11/2024","6.784","6.800","6.849","6.700","8.32M","-0.48%"
"03/08/2024","6.817","6.954","7.002","6.791","8.55M","-1.66%"
"03/07/2024","6.932","7.200","7.200","6.932","11.31M","-2.02%"
"03/06/2024","7.075","6.977","7.198","6.959","5.99M","1.04%"
"03/05/2024","7.002","7.014","7.072","6.920","5.50M","-0.64%"
"03/04/2024","7.047","7.163","7.181","7.038","4.82M","-2.00%"
"03/01/2024","7.191","7.200","7.250","7.131","3.71M","0.04%"
"02/29/2024","7.188","7.246","7.255","7.064","8.19M","-1.01%"
"02/28/2024","7.261","7.400","7.410","7.239","3.94M","-1.53%"
"02/27/2024","7.374","7.214","7.405","7.206","3.69M","1.89%"
"02/26/2024","7.237","7.313","7.391","7.206","4.25M","-1.95%"
"02/23/2024","7.381","7.311","7.382","7.140","9.59M","-1.63%"
"02/22/2024","7.503","7.489","7.574","7.396","5.04M","1.01%"
"02/21/2024","7.428","7.337","7.486","7.337","2.97M","1.21%"
"02/20/2024","7.339","7.320","7.365","7.292","1.96M","0.03%"
"02/19/2024","7.337","7.350","7.355","7.275","3.11M","-1.00%"
"02/16/2024","7.411","7.474","7.563","7.402","3.18M","0.01%"
"02/15/2024","7.410","7.450","7.563","7.410","3.16M","0.15%"
"02/14/2024","7.399","7.440","7.500","7.390","2.84M","-0.91%"
"02/13/2024","7.467","7.564","7.576","7.380","3.79M","-1.26%"
"02/12/2024","7.562","7.520","7.637","7.484","2.33M","0.59%"
"02/09/2024","7.518","7.671","7.675","7.518","3.45M","-1.87%"
"02/08/2024","7.661","7.654","7.737","7.611","2.47M","0.12%"
"02/07/2024","7.652","7.720","7.766","7.650","3.23M","-1.37%"
"02/06/2024","7.758","7.727","7.802","7.674","2.70M","0.56%"
"02/05/2024","7.715","7.859","7.883","7.666","3.88M","-1.94%"
"02/02/2024","7.868","7.810","8.035","7.808","4.52M","2.05%"
"02/01/2024","7.710","7.669","7.805","7.668","2.55M","-0.49%"
"01/31/2024","7.748","7.750","7.788","7.696","2.93M","-0.49%"
"01/30/2024","7.786","7.877","7.897","7.759","2.50M","0.62%"
"01/29/2024","7.738","7.710","7.746","7.608","2.79M","-0.26%"
"01/26/2024","7.758","7.780","7.811","7.642","2.42M","-0.21%"
"01/25/2024","7.774","7.670","7.866","7.630","4.18M","1.16%"
"01/24/2024","7.685","7.500","7.732","7.480","5.65M","3.87%"
"01/23/2024","7.399","7.297","7.518","7.270","5.43M","1.38%"
"01/22/2024","7.298","7.284","7.375","7.248","2.89M","0.88%"
"01/19/2024","7.234","7.386","7.413","7.221","3.24M","-1.08%"
"01/18/2024","7.313","7.321","7.352","7.245","3.20M","0.22%"
"01/17/2024","7.297","7.212","7.307","7.187","4.15M","-0.59%"
"01/16/2024","7.340","7.450","7.461","7.278","5.05M","-2.09%"
"01/15/2024","7.497","7.539","7.584","7.497","3.40M","-0.35%"
"01/12/2024","7.523","7.695","7.739","7.439","5.42M","-1.98%"
"01/11/2024","7.675","7.700","7.833","7.643","4.05M","-1.78%"
"01/10/2024","7.814","7.894","7.937","7.796","3.22M","-1.46%"
"01/09/2024","7.930","7.950","7.965","7.845","2.61M","0.05%"
"01/08/2024","7.926","7.780","7.944","7.744","3.79M","1.73%"
"01/05/2024","7.791","7.650","7.820","7.563","4.14M","1.30%"
"01/04/2024","7.691","7.562","7.691","7.557","3.78M","1.24%"
"01/03/2024","7.597","7.724","7.786","7.552","4.89M","-2.39%"
"01/02/2024","7.783","7.927","7.990","7.751","5.64M","-3.29%"
"12/29/2023","8.048","8.033","8.048","7.943","1.71M","0.34%"
"12/28/2023","8.021","8.031","8.072","7.986","2.43M","-0.24%"
"12/27/2023","8.040","8.041","8.063","8.005","2.19M","-0.01%"
"12/22/2023","8.041","8.036","8.154","7.979","2.31M","-0.42%"
"12/21/2023","8.075","8.050","8.103","8.003","2.42M","-0.65%"
"12/20/2023","8.128","8.148","8.167","7.990","3.51M","0.27%"
"12/19/2023","8.106","7.828","8.116","7.790","3.98M","1.72%"
"12/18/2023","7.969","8.030","8.100","7.935","3.60M","-2.06%"
"12/15/2023","8.137","8.231","8.280","8.067","5.34M","-0.43%"
"12/14/2023","8.172","8.100","8.271","8.093","5.93M","2.28%"
"12/13/2023","7.990","8.197","8.270","7.957","5.84M","-2.80%"
"12/12/2023","8.220","8.140","8.220","8.072","4.21M","0.74%"
"12/11/2023","8.160","8.276","8.299","8.150","4.18M","-2.44%"
"12/08/2023","8.364","8.360","8.445","8.339","3.45M","-0.54%"
"12/07/2023","8.409","8.280","8.421","8.164","8.46M","-2.05%"
"12/06/2023","8.585","8.330","8.585","8.330","6.91M","3.20%"
"12/05/2023","8.319","8.269","8.340","8.252","2.65M","0.07%"
"12/04/2023","8.313","8.250","8.348","8.234","5.19M","1.11%"
"12/01/2023","8.222","8.021","8.238","8.021","6.89M","3.03%"
"11/30/2023","7.980","8.040","8.122","7.891","7.76M","-0.50%"
"11/29/2023","8.020","7.795","8.100","7.795","6.60M","2.99%"
"11/28/2023","7.787","7.660","7.821","7.649","3.21M","0.83%"
"11/27/2023","7.723","7.815","7.952","7.676","3.54M","-1.40%"
"11/24/2023","7.833","7.842","7.872","7.783","2.02M","0.15%"
"11/23/2023","7.821","7.898","7.915","7.751","4.51M","-1.97%"
"11/22/2023","7.978","7.810","8.017","7.781","3.58M","1.76%"
"11/21/2023","7.840","7.980","8.061","7.840","3.47M","-1.47%"
"11/20/2023","7.957","8.035","8.080","7.939","4.30M","-0.53%"
"11/17/2023","7.999","7.892","8.058","7.849","5.29M","1.96%"
"11/16/2023","7.845","7.900","7.965","7.804","3.49M","-0.95%"
"11/15/2023","7.920","7.801","7.961","7.791","4.74M","1.69%"
"11/14/2023","7.788","7.710","7.836","7.628","5.83M","1.17%"
"11/13/2023","7.698","7.561","7.737","7.561","3.32M","1.83%"
"11/10/2023","7.560","7.684","7.684","7.496","5.84M","-2.51%"
"11/09/2023","7.755","7.631","7.774","7.604","4.04M","1.10%"
"11/08/2023","7.671","7.385","7.739","7.385","6.02M","3.38%"
"11/07/2023","7.420","7.333","7.511","7.310","3.80M","0.34%"
"11/06/2023","7.395","7.681","7.750","7.353","6.42M","-1.82%"
"11/03/2023","7.532","7.110","7.626","7.098","13.52M","7.05%"
"11/02/2023","7.036","6.880","7.132","6.860","12.45M","7.08%"
"11/01/2023","6.571","6.677","6.677","6.513","5.04M","-0.50%"
"10/31/2023","6.604","6.663","6.672","6.542","4.51M","-0.54%"
"10/30/2023","6.640","6.730","6.778","6.638","4.44M","-1.00%"
"10/27/2023","6.707","6.834","6.861","6.537","5.49M","-1.15%"
"10/26/2023","6.785","6.700","6.795","6.654","4.56M","0.41%"
"10/25/2023","6.757","6.702","6.799","6.580","4.52M","1.12%"
"10/24/2023","6.682","6.737","6.778","6.647","3.96M","-0.31%"
"10/23/2023","6.703","6.655","6.703","6.555","3.63M","1.09%"
"10/20/2023","6.631","6.710","6.726","6.609","5.67M","-2.60%"
"10/19/2023","6.808","6.795","6.860","6.754","4.72M","-0.82%"
"10/18/2023","6.864","6.950","6.992","6.762","8.55M","-3.54%"
"10/17/2023","7.116","7.130","7.165","7.029","2.87M","-0.60%"
"10/16/2023","7.159","7.055","7.202","7.016","3.42M","0.68%"
"10/13/2023","7.111","7.096","7.215","7.029","4.89M","-0.43%"
"10/12/2023","7.142","7.328","7.356","7.142","4.83M","-2.08%"
"10/11/2023","7.294","7.255","7.333","7.208","2.87M","0.04%"
"10/10/2023","7.291","7.147","7.352","7.131","5.43M","2.89%"
"10/09/2023","7.086","7.219","7.233","7.055","6.52M","-4.28%"
"10/06/2023","7.403","7.368","7.489","7.322","3.87M","0.72%"
"10/05/2023","7.350","7.269","7.458","7.240","4.54M","1.83%"
"10/04/2023","7.218","7.154","7.218","7.031","5.69M","-0.40%"
"10/03/2023","7.247","7.400","7.434","7.227","4.35M","-2.86%"
"10/02/2023","7.460","7.530","7.590","7.419","2.80M","-0.61%"
"09/29/2023","7.506","7.571","7.592","7.501","4.44M","-0.31%"
"09/28/2023","7.529","7.620","7.632","7.362","6.72M","-1.62%"
"09/27/2023","7.653","7.600","7.687","7.555","3.75M","0.60%"
"09/26/2023","7.607","7.613","7.715","7.567","4.77M","-0.69%"
"09/25/2023","7.660","8.100","8.114","7.577","11.73M","-5.84%"
"09/22/2023","8.135","8.010","8.159","7.990","5.28M","0.86%"
"09/21/2023","8.066","8.057","8.084","7.983","4.33M","-0.70%"
"09/20/2023","8.123","7.973","8.178","7.967","3.87M","1.89%"
"09/19/2023","7.972","7.950","8.031","7.950","4.74M","-0.25%"
"09/18/2023","7.992","8.050","8.076","7.968","4.71M","-1.16%"
"09/15/2023","8.086","8.149","8.166","8.031","4.64M","0.72%"
"09/14/2023","8.028","8.100","8.116","7.942","5.24M","-1.21%"
"09/13/2023","8.126","8.200","8.286","8.064","5.84M","-1.10%"
"09/12/2023","8.216","8.208","8.273","8.173","2.63M","0.40%"
"09/11/2023","8.183","8.119","8.207","8.103","4.01M","1.40%"
"09/08/2023","8.070","8.106","8.173","7.978","4.77M","-0.22%"
"09/07/2023","8.088","8.023","8.137","7.984","3.87M","0.09%"
"09/06/2023","8.081","8.210","8.262","8.067","5.69M","-2.20%"
"09/05/2023","8.263","8.280","8.284","8.193","3.14M","-0.85%"
"09/04/2023","8.334","8.240","8.446","8.240","2.95M","1.29%"
"09/01/2023","8.228","8.250","8.303","8.220","2.27M","-0.23%"
"08/31/2023","8.247","8.205","8.360","8.195","4.85M","0.49%"
"08/30/2023","8.207","8.355","8.356","8.157","4.17M","-1.89%"
"08/29/2023","8.365","8.289","8.408","8.284","3.55M","1.54%"
"08/28/2023","8.238","8.125","8.289","8.124","2.49M","1.73%"
"08/25/2023","8.098","8.151","8.215","8.082","4.07M","-1.05%"
"08/24/2023","8.184","8.363","8.425","8.177","3.79M","-2.11%"
"08/23/2023","8.360","8.363","8.385","8.296","2.77M","0.12%"
"08/22/2023","8.350","8.435","8.480","8.350","3.05M","-0.71%"
"08/21/2023","8.410","8.430","8.504","8.393","2.71M","-0.58%"
"08/18/2023","8.459","8.503","8.520","8.358","3.10M","-0.97%"
"08/17/2023","8.542","8.650","8.670","8.526","2.69M","-1.57%"
"08/16/2023","8.678","8.572","8.714","8.548","2.27M","0.54%"
"08/15/2023","8.631","8.752","8.795","8.610","2.26M","-1.24%"
"08/14/2023","8.739","8.701","8.739","8.653","1.84M","-0.06%"
"08/11/2023","8.744","8.755","8.819","8.722","2.15M","-0.67%"
"08/10/2023","8.803","8.801","8.884","8.771","3.49M","1.01%"
"08/09/2023","8.715","8.690","8.822","8.673","3.91M","1.36%"
"08/08/2023","8.598","8.578","8.609","8.509","3.47M","-0.24%"
"08/07/2023","8.619","8.541","8.677","8.511","4.09M","0.51%"
"08/04/2023","8.575","8.460","8.653","8.361","8.23M","2.79%"
"08/03/2023","8.342","8.693","8.738","8.181","21.20M","-5.47%"
"08/02/2023","8.825","8.996","9.032","8.771","6.21M","-2.79%"
"08/01/2023","9.078","9.197","9.250","9.064","3.11M","-1.09%"
"07/31/2023","9.178","9.071","9.249","9.049","5.84M","1.66%"
"07/28/2023","9.028","8.908","9.111","8.825","5.40M","1.38%"
"07/27/2023","8.905","8.742","8.905","8.742","3.24M","1.24%"
"07/26/2023","8.796","8.649","8.843","8.649","3.83M","1.17%"
"07/25/2023","8.694","8.838","8.860","8.694","3.07M","-1.45%"
"07/24/2023","8.822","8.733","8.826","8.662","2.89M","-0.32%"
"07/21/2023","8.850","8.812","8.928","8.794","3.91M","0.16%"
"07/20/2023","8.836","8.830","8.920","8.765","3.06M","0.45%"
"07/19/2023","8.796","8.756","8.865","8.749","2.88M","0.92%"
"07/18/2023","8.716","8.670","8.751","8.610","2.66M","-0.14%"
"07/17/2023","8.728","8.750","8.924","8.690","3.68M","-0.73%"
"07/14/2023","8.792","8.901","8.974","8.791","4.51M","-1.68%"
"07/13/2023","8.942","8.991","9.140","8.880","5.17M","-0.50%"
"07/12/2023","8.987","9.040","9.053","8.720","6.30M","-0.49%"
"07/11/2023","9.031","9.142","9.186","8.981","2.87M","-0.76%"
"07/10/2023","9.100","8.989","9.128","8.962","2.26M","0.92%"
"07/07/2023","9.017","9.010","9.089","8.879","3.54M","0.08%"
"07/06/2023","9.010","9.385","9.385","8.937","7.37M","-4.42%"
"07/05/2023","9.427","9.430","9.490","9.378","2.02M","-0.38%"
"07/04/2023","9.463","9.460","9.493","9.383","2.24M","0.08%"
"07/03/2023","9.455","9.439","9.583","9.430","2.61M","0.81%"
"06/30/2023","9.379","9.452","9.468","9.377","2.81M","-0.77%"
"06/29/2023","9.452","9.500","9.513","9.350","2.25M","-0.45%"
"06/28/2023","9.495","9.485","9.563","9.436","3.17M","0.47%"
"06/27/2023","9.451","9.203","9.451","9.186","3.10M","2.99%"
"06/26/2023","9.177","9.220","9.244","9.047","2.46M","-0.37%"
"06/23/2023","9.211","9.430","9.439","9.108","4.08M","-2.73%"
"06/22/2023","9.470","9.250","9.470","9.209","3.32M","1.49%"
"06/21/2023","9.331","9.312","9.459","9.250","3.23M","0.74%"
"06/20/2023","9.262","9.307","9.336","9.190","3.22M","-0.77%"
"06/19/2023","9.334","9.428","9.462","9.281","2.74M","-0.81%"
"06/16/2023","9.410","9.380","9.442","9.316","6.60M","0.64%"
"06/15/2023","9.350","9.500","9.511","9.251","3.40M","-1.33%"
"06/14/2023","9.476","9.539","9.647","9.450","3.90M","-0.55%"
"06/13/2023","9.528","9.374","9.572","9.337","4.64M","2.14%"
"06/12/2023","9.328","9.220","9.346","9.207","2.56M","1.57%"
"06/09/2023","9.184","9.081","9.232","9.081","3.17M","0.53%"
"06/08/2023","9.136","9.104","9.188","9.079","2.92M","0.03%"
"06/07/2023","9.133","9.182","9.199","9.065","2.84M","-0.09%"
"06/06/2023","9.141","9.105","9.170","9.015","2.38M","0.33%"
"06/05/2023","9.111","9.338","9.338","9.055","4.15M","-2.06%"
"06/02/2023","9.303","9.210","9.316","9.189","3.54M","1.59%"
"06/01/2023","9.157","9.212","9.292","9.070","3.65M","-0.03%"
"05/31/2023","9.160","9.180","9.300","9.046","8.82M","-0.63%"
"05/30/2023","9.218","9.200","9.320","9.110","2.52M","0.24%"
"05/29/2023","9.196","9.261","9.304","9.158","1.18M","-0.28%"
"05/26/2023","9.222","9.325","9.330","9.166","2.74M","-0.19%"
"05/25/2023","9.240","9.200","9.351","9.103","3.85M","0.25%"
"05/24/2023","9.217","9.400","9.401","9.149","5.30M","-2.88%"
"05/23/2023","9.490","9.651","9.685","9.370","4.29M","-2.29%"
"05/22/2023","9.712","9.619","9.771","9.619","2.70M","1.25%"
"05/19/2023","9.592","9.785","9.932","9.592","4.97M","-1.74%"
"05/18/2023","9.762","9.675","9.865","9.646","3.37M","1.66%"
"05/17/2023","9.603","9.272","9.642","9.238","4.47M","3.09%"
"05/16/2023","9.315","9.157","9.315","9.153","3.21M","1.56%"
"05/15/2023","9.172","9.214","9.228","9.104","1.72M","0.15%"
"05/12/2023","9.158","9.158","9.226","9.115","1.32M","0.18%"
"05/11/2023","9.142","9.300","9.317","9.079","2.66M","-0.67%"
"05/10/2023","9.204","9.323","9.360","9.204","3.93M","-1.00%"
"05/09/2023","9.297","9.200","9.312","9.147","3.25M","1.32%"
"05/08/2023","9.176","9.282","9.324","9.156","2.79M","-0.25%"
"05/05/2023","9.199","9.231","9.363","9.091","5.79M","-0.02%"
"05/04/2023","9.201","9.559","9.559","9.153","5.79M","-3.40%"
"05/03/2023","9.525","9.500","9.571","9.025","8.36M","-1.32%"
"05/02/2023","9.652","9.730","9.892","9.588","4.87M","-0.80%"
"04/28/2023","9.730","9.584","9.744","9.489","3.54M","1.66%"
"04/27/2023","9.571","9.481","9.782","9.434","3.87M","0.86%"
"04/26/2023","9.489","9.661","9.661","9.359","3.39M","-2.02%"
"04/25/2023","9.685","9.735","9.750","9.557","2.96M","-1.07%"
"04/24/2023","9.790","9.803","9.876","9.754","2.78M","0.50%"
"04/21/2023","9.741","9.810","9.816","9.603","2.71M","-1.00%"
"04/20/2023","9.839","9.850","9.914","9.787","3.20M","0.25%"
"04/19/2023","9.814","9.928","9.976","9.706","4.06M","0.96%"
"04/18/2023","9.721","9.701","9.790","9.680","3.26M","0.80%"
"04/17/2023","9.644","9.564","9.664","9.529","2.82M","1.41%"
"04/14/2023","9.510","9.560","9.589","9.331","4.36M","-0.46%"
"04/13/2023","9.554","9.583","9.818","9.450","4.87M","-0.13%"
"04/12/2023","9.566","10.094","10.094","9.505","7.75M","-5.16%"
"04/11/2023","10.086","10.326","10.402","10.036","3.53M","-1.83%"
"04/06/2023","10.274","10.212","10.304","10.144","2.78M","1.10%"
"04/05/2023","10.162","10.300","10.406","10.104","3.45M","-1.57%"
"04/04/2023","10.324","10.240","10.486","10.182","3.87M","1.24%"
"04/03/2023","10.198","10.216","10.312","10.126","3.24M","-0.60%"
"03/31/2023","10.260","10.192","10.326","10.108","5.98M","3.12%"
"03/30/2023","9.950","9.777","9.983","9.769","5.46M","3.14%"
"03/29/2023","9.647","9.533","9.647","9.465","2.67M","2.18%"
"03/28/2023","9.441","9.651","9.651","9.417","3.48M","-0.51%"
"03/27/2023","9.489","9.480","9.547","9.374","3.60M","1.30%"
"03/24/2023","9.367","9.786","9.786","9.300","7.10M","-4.84%"
"03/23/2023","9.843","9.858","9.942","9.741","4.02M","-0.35%"
"03/22/2023","9.878","9.930","9.990","9.823","2.73M","-0.51%"
"03/21/2023","9.929","9.810","10.038","9.785","5.27M","2.10%"
"03/20/2023","9.725","9.420","9.808","9.101","6.29M","2.29%"
"03/17/2023","9.507","9.979","10.024","9.318","10.88M","-4.55%"
"03/16/2023","9.960","10.130","10.238","9.803","6.96M","0.67%"
"03/15/2023","9.894","10.378","10.422","9.810","9.22M","-2.98%"
"03/14/2023","10.198","10.022","10.288","9.779","6.42M","2.32%"
"03/13/2023","9.967","10.548","10.600","9.758","11.55M","-5.74%"
"03/10/2023","10.574","10.500","10.630","10.350","4.64M","-1.45%"
"03/09/2023","10.730","10.948","10.958","10.642","4.49M","-1.87%"
"03/08/2023","10.934","10.862","11.112","10.780","5.84M","0.68%"
"03/07/2023","10.860","11.000","11.160","10.740","7.34M","-0.86%"
"03/06/2023","10.954","10.568","10.988","10.486","11.84M","5.73%"
"03/03/2023","10.360","10.000","10.518","9.950","16.63M","5.07%"
"03/02/2023","9.860","9.864","9.904","9.758","4.06M","-0.47%"
"03/01/2023","9.907","9.820","9.948","9.761","4.76M","0.87%"
"02/28/2023","9.822","9.760","9.839","9.726","4.93M","0.47%"
"02/27/2023","9.776","9.714","9.857","9.663","3.61M","1.23%"
"02/24/2023","9.657","9.680","9.829","9.573","5.68M","-0.48%"
"02/23/2023","9.704","9.550","9.714","9.531","3.79M","1.95%"
"02/22/2023","9.518","9.610","9.650","9.431","3.35M","-1.56%"
"02/21/2023","9.669","9.678","9.773","9.603","3.60M","1.38%"
"02/20/2023","9.537","9.716","9.724","9.503","2.69M","-1.98%"
"02/17/2023","9.730","9.610","9.800","9.580","3.54M","0.81%"
"02/16/2023","9.652","9.667","9.715","9.600","3.48M","0.08%"
"02/15/2023","9.644","9.616","9.686","9.398","6.40M","0.06%"
"02/14/2023","9.638","9.519","9.673","9.495","3.83M","1.27%"
"02/13/2023","9.517","9.433","9.541","9.375","3.30M","1.20%"
"02/10/2023","9.404","9.650","9.680","9.084","8.38M","-3.23%"
"02/09/2023","9.718","9.728","9.820","9.661","3.93M","0.42%"
"02/08/2023","9.677","9.622","9.735","9.544","3.94M","0.25%"
"02/07/2023","9.653","9.789","9.806","9.602","4.45M","-1.53%"
"02/06/2023","9.803","9.886","9.886","9.702","3.97M","-1.00%"
"02/03/2023","9.902","9.880","9.960","9.826","4.52M","0.09%"
"02/02/2023","9.893","9.722","9.893","9.680","6.77M","2.21%"
"02/01/2023","9.679","9.689","9.748","9.615","3.99M","-0.33%"
"01/31/2023","9.711","9.605","9.711","9.572","4.99M","0.62%"
"01/30/2023","9.651","9.704","9.749","9.613","3.27M","-1.07%"
"01/27/2023","9.755","9.750","9.789","9.696","3.63M","0.29%"
"01/26/2023","9.727","9.657","9.741","9.323","7.10M","1.06%"
"01/25/2023","9.625","9.730","9.890","9.615","5.46M","-0.30%"
"01/24/2023","9.654","9.675","9.744","9.580","5.98M","0.56%"
"01/23/2023","9.600","9.647","9.716","9.519","6.49M","0.21%"
"01/20/2023","9.580","9.490","9.630","9.452","8.22M","2.46%"
"01/19/2023","9.350","9.191","9.398","9.150","8.52M","0.99%"
"01/18/2023","9.258","8.817","9.285","8.813","10.71M","5.17%"
"01/17/2023","8.803","8.809","8.857","8.698","3.47M","-0.03%"
"01/16/2023","8.806","8.818","8.862","8.738","3.78M","0.53%"
"01/13/2023","8.760","8.576","8.834","8.563","9.08M","2.49%"
"01/12/2023","8.547","8.422","8.580","8.356","6.62M","1.62%"
"01/11/2023","8.411","8.365","8.495","8.365","4.51M","0.55%"
"01/10/2023","8.365","8.327","8.383","8.231","4.36M","-0.68%"
"01/09/2023","8.422","8.341","8.500","8.318","4.66M","1.21%"
"01/06/2023","8.321","8.300","8.380","8.292","3.00M","-0.18%"
"01/05/2023","8.336","8.178","8.346","8.160","6.33M","1.73%"
"01/04/2023","8.194","8.032","8.247","7.967","4.70M","3.07%"
"01/03/2023","7.950","7.864","8.029","7.851","2.95M","1.02%"
"01/02/2023","7.870","7.800","7.957","7.771","3.74M","1.35%"
"12/30/2022","7.765","7.799","7.826","7.731","2.03M","-1.12%"
"12/29/2022","7.853","8.079","8.079","7.671","9.39M","-3.25%"
"12/28/2022","8.117","8.249","8.249","8.055","3.14M","-1.40%"
"12/27/2022","8.232","8.150","8.239","8.145","2.99M","1.59%"
"12/23/2022","8.103","8.100","8.122","8.034","3.87M","-0.06%"
"12/22/2022","8.108","8.133","8.200","8.072","2.87M","-0.16%"
"12/21/2022","8.121","8.061","8.158","8.060","3.82M","1.06%"
"12/20/2022","8.036","8.003","8.100","7.966","3.05M","-0.31%"
"12/19/2022","8.061","8.000","8.137","7.963","2.99M","0.41%"
"12/16/2022","8.028","8.088","8.115","7.963","10.22M","-0.73%"
"12/15/2022","8.087","8.068","8.210","8.052","5.97M","-0.06%"
"12/14/2022","8.092","7.990","8.110","7.869","9.00M","1.29%"
"12/13/2022","7.989","7.707","8.070","7.691","14.70M","3.74%"
"12/12/2022","7.701","7.680","7.701","7.605","3.55M","-0.21%"
"12/09/2022","7.717","7.722","7.768","7.618","3.82M","0.06%"
"12/08/2022","7.712","7.687","7.747","7.626","4.08M","0.96%"
"12/07/2022","7.639","7.699","7.746","7.632","3.66M","-1.05%"
"12/06/2022","7.720","7.738","7.763","7.654","3.16M","-0.59%"
"12/05/2022","7.766","7.738","7.775","7.691","3.72M","0.36%"
"12/02/2022","7.738","7.690","7.746","7.607","5.78M","2.14%"
"12/01/2022","7.576","7.680","7.723","7.556","4.25M","-1.06%"
"11/30/2022","7.657","7.620","7.657","7.565","6.49M","0.86%"
"11/29/2022","7.592","7.514","7.619","7.489","3.63M","0.85%"
"11/28/2022","7.528","7.539","7.638","7.518","4.03M","-0.52%"
"11/25/2022","7.567","7.550","7.580","7.487","3.43M","0.48%"
"11/24/2022","7.531","7.510","7.557","7.477","2.97M","0.36%"
"11/23/2022","7.504","7.468","7.517","7.338","5.42M","0.48%"
"11/22/2022","7.468","7.479","7.497","7.401","4.33M","0.44%"
"11/21/2022","7.435","7.327","7.439","7.238","","1.35%"
"11/18/2022","7.336","7.293","7.344","7.210","4.58M","0.81%"
"11/17/2022","7.277","7.229","7.288","7.182","4.87M","0.85%"
"11/16/2022","7.216","7.341","7.350","7.143","6.57M","-2.35%"
"11/15/2022","7.390","7.289","7.418","7.221","6.30M","1.22%"
"11/14/2022","7.301","7.300","7.366","7.165","7.87M","-0.40%"
"11/11/2022","7.330","7.288","7.399","7.237","6.31M","1.34%"
"11/10/2022","7.233","7.157","7.280","7.139","6.02M","0.56%"
"11/09/2022","7.193","7.169","7.223","7.127","3.50M","-0.30%"
"11/08/2022","7.215","7.168","7.234","7.156","4.28M","0.49%"
"11/07/2022","7.180","7.068","7.215","7.028","4.99M","1.16%"
"11/04/2022","7.098","7.095","7.201","7.062","8.39M","1.69%"
"11/03/2022","6.980","6.855","7.029","6.840","4.93M","0.58%"
"11/02/2022","6.940","6.991","7.040","6.811","4.70M","-0.10%"
"11/01/2022","6.947","7.000","7.037","6.908","3.02M","0.06%"
"10/31/2022","6.943","6.804","7.017","6.799","5.37M","1.82%"
"10/28/2022","6.819","6.807","6.970","6.727","7.17M","-0.63%"
"10/27/2022","6.862","6.664","6.889","6.643","7.47M","3.17%"
"10/26/2022","6.651","6.613","6.658","6.563","3.72M","0.30%"
"10/25/2022","6.631","6.609","6.631","6.562","2.70M","0.81%"
"10/24/2022","6.578","6.609","6.679","6.545","2.96M","0.12%"
"10/21/2022","6.570","6.550","6.650","6.481","3.20M","-1.13%"
"10/20/2022","6.645","6.701","6.757","6.605","4.71M","-1.66%"
"10/19/2022","6.757","6.717","6.860","6.706","6.26M","1.43%"
"10/18/2022","6.662","6.727","6.748","6.503","8.36M","1.23%"
"10/17/2022","6.581","6.447","6.778","6.425","12.42M","1.57%"
"10/14/2022","6.479","6.440","6.560","6.366","7.44M","1.39%"
"10/13/2022","6.390","6.085","6.426","6.038","9.90M","4.69%"
"10/12/2022","6.104","6.118","6.155","5.991","4.65M","-0.62%"
"10/11/2022","6.142","6.000","6.227","5.972","6.92M","1.94%"
"10/10/2022","6.025","5.986","6.099","5.828","3.88M","-0.50%"
"10/07/2022","6.055","6.013","6.100","5.989","2.94M","0.41%"
"10/06/2022","6.030","6.040","6.145","5.982","3.48M","0.50%"
"10/05/2022","6.000","5.959","6.012","5.893","4.11M","0.37%"
"10/04/2022","5.978","5.790","5.999","5.761","6.45M","4.58%"
"10/03/2022","5.716","5.700","5.770","5.521","8.96M","-3.41%"
"09/30/2022","5.918","5.840","6.030","5.807","6.16M","1.74%"
"09/29/2022","5.817","5.790","5.919","5.699","5.95M","0.78%"
"09/28/2022","5.772","5.725","5.775","5.479","9.43M","-0.41%"
"09/27/2022","5.796","5.835","5.880","5.763","4.48M","1.22%"
"09/26/2022","5.726","5.602","5.811","5.551","4.93M","0.92%"
"09/23/2022","5.674","5.866","5.915","5.628","5.62M","-2.94%"
"09/22/2022","5.846","5.801","5.942","5.774","4.53M","-1.23%"
"09/21/2022","5.919","6.043","6.052","5.826","6.19M","-3.13%"
"09/20/2022","6.110","6.177","6.254","6.071","4.43M","-0.73%"
"09/19/2022","6.155","6.005","6.186","5.975","3.23M","1.43%"
"09/16/2022","6.068","6.110","6.113","5.973","9.65M","-2.85%"
"09/15/2022","6.246","6.139","6.274","6.132","5.47M","2.56%"
"09/14/2022","6.090","6.219","6.250","5.976","11.67M","-3.67%"
"09/13/2022","6.322","6.440","6.475","6.276","4.36M","-1.54%"
"09/12/2022","6.421","6.354","6.466","6.344","7.73M","2.12%"
"09/09/2022","6.288","6.180","6.310","6.150","7.11M","1.88%"
"09/08/2022","6.172","6.190","6.275","6.085","6.09M","0.52%"
"09/07/2022","6.140","5.977","6.150","5.916","7.48M","3.19%"
"09/06/2022","5.950","5.852","6.053","5.848","6.26M","1.45%"
"09/05/2022","5.865","5.858","5.883","5.789","3.74M","-1.30%"
"09/02/2022","5.942","5.880","5.975","5.832","5.01M","3.36%"
"09/01/2022","5.749","5.860","5.879","5.691","5.03M","-3.13%"
"08/31/2022","5.935","5.920","5.950","5.828","4.05M","0.46%"
"08/30/2022","5.908","5.897","5.965","5.837","2.91M","0.56%"
"08/29/2022","5.875","5.820","5.893","5.739","3.75M","0.51%"
"08/26/2022","5.845","6.000","6.042","5.825","4.92M","-2.34%"
"08/25/2022","5.985","6.080","6.100","5.973","2.74M","-0.22%"
"08/24/2022","5.998","5.964","6.041","5.900","3.28M","-0.35%"
"08/23/2022","6.019","6.049","6.157","5.974","4.77M","-1.13%"
"08/22/2022","6.088","6.224","6.250","6.026","5.37M","-2.98%"
"08/19/2022","6.275","6.455","6.494","6.259","5.36M","-4.43%"
"08/18/2022","6.566","6.465","6.600","6.465","2.98M","1.53%"
"08/17/2022","6.467","6.725","6.763","6.454","5.07M","-4.15%"
"08/16/2022","6.747","6.730","6.796","6.673","4.08M","0.19%"
"08/15/2022","6.734","6.589","6.762","6.525","4.33M","2.22%"
"08/12/2022","6.588","6.500","6.629","6.497","5.73M","0.95%"
"08/11/2022","6.526","6.647","6.680","6.512","4.58M","-1.29%"
"08/10/2022","6.611","6.563","6.688","6.500","5.76M","0.58%"
"08/09/2022","6.573","6.766","6.840","6.534","6.37M","-2.64%"
"08/08/2022","6.751","6.820","6.889","6.675","6.89M","0.37%"
"08/05/2022","6.726","6.540","6.769","6.531","9.86M","3.96%"
"08/04/2022","6.470","6.250","6.529","6.217","13.50M","6.41%"
"08/03/2022","6.080","6.002","6.165","5.977","5.19M","1.16%"
"08/02/2022","6.010","5.971","6.050","5.923","2.82M","0.60%"
"08/01/2022","5.974","6.000","6.063","5.966","2.91M","-0.33%"
"07/29/2022","5.994","6.109","6.192","5.960","4.52M","-0.73%"
"07/28/2022","6.038","6.090","6.100","6.024","2.67M","-0.30%"
"07/27/2022","6.056","5.910","6.105","5.848","3.98M","3.17%"
"07/26/2022","5.870","6.024","6.065","5.839","3.93M","-2.59%"
"07/25/2022","6.026","6.001","6.190","6.000","3.27M","-0.23%"
"07/22/2022","6.040","6.000","6.072","5.990","3.83M","0.82%"
"07/21/2022","5.991","6.220","6.238","5.936","7.04M","-4.04%"
"07/20/2022","6.243","6.308","6.345","6.123","4.16M","-0.68%"
"07/19/2022","6.286","6.130","6.307","6.050","5.30M","2.24%"
"07/18/2022","6.148","6.156","6.290","6.121","4.93M","0.36%"
"07/15/2022","6.126","5.759","6.250","5.727","9.37M","6.93%"
"07/14/2022","5.729","5.644","5.810","5.642","4.40M","1.04%"
"07/13/2022","5.670","5.780","5.862","5.583","5.08M","-1.87%"
"07/12/2022","5.778","5.601","5.778","5.500","4.95M","3.10%"
"07/11/2022","5.604","5.710","5.781","5.590","3.57M","-3.40%"
"07/08/2022","5.801","5.750","5.928","5.686","6.50M","0.64%"
"07/07/2022","5.764","5.648","5.807","5.543","7.27M","4.61%"
"07/06/2022","5.510","5.580","5.734","5.500","5.01M","-0.36%"
"07/05/2022","5.530","5.744","5.790","5.470","6.04M","-3.22%"
"07/04/2022","5.714","5.690","5.717","5.554","5.71M","2.66%"
"07/01/2022","5.566","5.525","5.747","5.450","5.48M","0.04%"
"06/30/2022","5.564","5.672","5.690","5.313","13.53M","-4.28%"
"06/29/2022","5.813","5.951","5.987","5.728","6.99M","-3.68%"
"06/28/2022","6.035","6.050","6.203","5.941","4.33M","0.89%"
"06/27/2022","5.982","6.025","6.123","5.952","3.54M","0.27%"
"06/24/2022","5.966","6.307","6.307","5.944","6.41M","-4.94%"
"06/23/2022","6.276","6.366","6.442","6.268","5.70M","-1.54%"
"06/22/2022","6.374","6.235","6.449","6.200","7.08M","0.57%"
"06/21/2022","6.338","6.462","6.593","6.277","8.21M","-1.43%"
"06/20/2022","6.430","6.000","6.440","5.992","7.70M","7.62%"
"06/17/2022","5.975","5.769","5.990","5.691","11.36M","4.59%"
"06/16/2022","5.713","5.962","5.962","5.690","5.89M","-4.11%"
"06/15/2022","5.958","5.786","5.976","5.722","10.18M","4.31%"
"06/14/2022","5.712","5.940","5.950","5.701","8.59M","-1.99%"
"06/13/2022","5.828","6.000","6.002","5.783","10.79M","-3.97%"
"06/10/2022","6.069","6.299","6.314","6.060","9.35M","-4.05%"
"06/09/2022","6.325","6.399","6.400","6.278","7.13M","-1.20%"
"06/08/2022","6.402","6.634","6.678","6.382","8.01M","-3.13%"
"06/07/2022","6.609","6.660","6.710","6.552","6.51M","-1.27%"
"06/06/2022","6.694","6.656","6.758","6.622","4.33M","1.83%"
"06/03/2022","6.574","6.800","6.800","6.549","7.08M","-2.91%"
"06/02/2022","6.771","6.843","6.863","6.771","2.92M","-0.60%"
"06/01/2022","6.812","6.912","6.950","6.779","4.72M","-0.21%"
"05/31/2022","6.826","6.950","6.950","6.733","8.68M","-2.08%"
"05/30/2022","6.971","6.960","7.027","6.910","4.89M","1.31%"
"05/27/2022","6.881","6.866","6.930","6.809","3.96M","0.45%"
"05/26/2022","6.850","6.766","6.850","6.728","2.81M","1.08%"
"05/25/2022","6.777","6.600","6.790","6.480","8.47M","4.33%"
"05/24/2022","6.496","6.800","6.806","6.485","15.57M","-5.90%"
"05/23/2022","6.903","6.949","6.993","6.802","4.32M","0.74%"
"05/20/2022","6.852","6.900","6.950","6.822","5.28M","0.72%"
"05/19/2022","6.803","6.793","6.867","6.706","6.10M","-1.41%"
"05/18/2022","6.900","6.848","6.961","6.730","8.46M","1.07%"
"05/17/2022","6.827","6.799","6.905","6.731","6.66M","1.96%"
"05/16/2022","6.696","6.938","6.964","6.692","7.38M","-2.96%"
"05/13/2022","6.900","6.867","6.900","6.744","5.87M","1.71%"
"05/12/2022","6.784","6.770","6.852","6.623","7.90M","-1.88%"
"05/11/2022","6.914","6.754","6.989","6.721","8.77M","3.58%"
"05/10/2022","6.675","6.865","6.876","6.659","8.29M","-1.37%"
"05/09/2022","6.768","6.900","7.095","6.747","8.39M","-2.07%"
"05/06/2022","6.911","6.950","6.980","6.717","10.70M","-0.13%"
"05/05/2022","6.920","7.310","7.424","6.842","14.41M","-2.54%"
"05/04/2022","7.100","7.352","7.390","7.100","6.45M","-3.48%"
"05/03/2022","7.356","7.160","7.360","7.119","6.54M","3.34%"
"05/02/2022","7.118","7.096","7.277","6.933","","-0.49%"
"04/29/2022","7.153","7.207","7.233","7.027","3.18M","0.00%"
"04/28/2022","7.153","7.163","7.250","7.082","4.68M","1.46%"
"04/27/2022","7.050","7.072","7.157","6.875","","-0.56%"
"04/26/2022","7.090","7.330","7.367","7.090","","-1.60%"
"04/25/2022","7.205","7.110","7.375","7.092","4.77M","-0.22%"
"04/22/2022","7.221","7.350","7.438","7.205","5.70M","-3.60%"
"04/21/2022","7.491","7.204","7.578","7.166","12.10M","4.73%"
"04/20/2022","7.153","7.249","7.267","7.137","4.16M","-0.68%"
"04/19/2022","7.202","7.199","7.244","7.081","3.78M","0.04%"
"04/14/2022","7.199","7.106","7.218","7.055","6.27M","2.65%"
"04/13/2022","7.013","6.910","7.033","6.751","6.30M","1.68%"
"04/12/2022","6.897","6.982","7.030","6.872","6.87M","-2.74%"
"04/11/2022","7.091","6.921","7.194","6.817","8.67M","1.93%"
"04/08/2022","6.957","7.074","7.112","6.930","4.47M","0.33%"
"04/07/2022","6.934","7.090","7.193","6.923","5.37M","-1.39%"
"04/06/2022","7.032","7.350","7.437","7.003","9.75M","-4.05%"
"04/05/2022","7.329","7.281","7.408","7.250","7.98M","0.30%"
"04/04/2022","7.307","7.327","7.389","7.192","6.29M","-0.05%"
"04/01/2022","7.311","7.442","7.512","7.302","5.56M","-0.64%"
"03/31/2022","7.358","7.500","7.557","7.321","6.30M","-0.93%"
"03/30/2022","7.427","7.589","7.646","7.362","8.70M","-2.97%"
"03/29/2022","7.654","7.443","7.666","7.336","16.56M","4.26%"
"03/28/2022","7.341","7.180","7.448","7.180","9.80M","2.33%"
"03/25/2022","7.174","7.135","7.216","7.105","7.47M","0.48%"
"03/24/2022","7.140","6.940","7.146","6.940","9.14M","1.08%"
"03/23/2022","7.064","7.159","7.196","6.988","7.86M","-1.27%"
"03/22/2022","7.155","7.101","7.208","7.073","6.25M","0.63%"
"03/21/2022","7.110","7.120","7.172","6.996","9.70M","-0.35%"
"03/18/2022","7.135","6.948","7.192","6.902","13.63M","1.42%"
"03/17/2022","7.035","7.220","7.270","6.957","11.76M","-1.62%"
"03/16/2022","7.151","7.100","7.332","7.032","17.54M","2.86%"
"03/15/2022","6.952","6.796","7.054","6.670","12.55M","1.21%"
"03/14/2022","6.869","6.866","6.956","6.725","11.15M","3.00%"
"03/11/2022","6.669","6.767","7.100","6.669","19.36M","-1.77%"
"03/10/2022","6.789","6.650","6.795","6.501","19.40M","2.86%"
"03/09/2022","6.600","6.275","6.620","6.200","22.56M","12.02%"
"03/08/2022","5.892","5.500","5.923","5.425","23.28M","5.48%"
"03/07/2022","5.586","5.500","5.821","5.250","30.05M","-3.41%"
"03/04/2022","5.783","6.001","6.050","5.578","33.80M","-4.95%"
"03/03/2022","6.084","6.497","6.550","6.073","22.15M","-8.18%"
"03/02/2022","6.626","6.300","6.682","6.061","17.52M","4.41%"
"03/01/2022","6.346","6.950","7.102","6.346","19.28M","-7.68%"
"02/28/2022","6.874","6.841","6.952","6.739","16.91M","-4.34%"
"02/25/2022","7.186","6.995","7.252","6.842","16.20M","6.49%"
"02/24/2022","6.748","6.799","7.054","6.616","24.36M","-6.89%"
"02/23/2022","7.247","7.452","7.575","7.244","11.78M","-2.49%"
"02/22/2022","7.432","7.150","7.505","7.089","18.26M","-1.01%"
"02/21/2022","7.508","7.600","7.740","7.393","10.62M","-0.35%"
"02/18/2022","7.534","7.653","7.796","7.531","9.51M","-1.80%"
"02/17/2022","7.672","7.900","7.919","7.585","10.27M","-1.73%"
"02/16/2022","7.807","7.750","7.887","7.680","13.61M","1.87%"
"02/15/2022","7.664","7.210","7.664","7.200","10.03M","5.00%"
"02/14/2022","7.299","7.200","7.355","6.990","13.53M","-3.25%"
"02/11/2022","7.544","7.570","7.700","7.527","6.82M","-1.42%"
"02/10/2022","7.653","7.609","7.718","7.561","11.33M","0.90%"
"02/09/2022","7.585","7.444","7.618","7.379","11.56M","2.54%"
"02/08/2022","7.397","7.045","7.397","7.003","14.62M","5.55%"
"02/07/2022","7.008","6.902","7.008","6.786","5.44M","2.43%"
"02/04/2022","6.842","6.969","6.984","6.779","5.68M","-1.24%"
"02/03/2022","6.928","6.875","6.978","6.802","6.00M","0.39%"
"02/02/2022","6.901","6.873","7.036","6.839","8.41M","1.57%"
"02/01/2022","6.794","6.806","6.885","6.703","8.94M","-0.19%"
"01/31/2022","6.807","6.959","6.972","6.663","11.70M","0.24%"
"01/28/2022","6.791","7.045","7.045","6.758","8.47M","-3.61%"
"01/27/2022","7.045","6.959","7.093","6.901","7.09M","-0.31%"
"01/26/2022","7.067","6.940","7.128","6.883","11.98M","5.84%"
"01/25/2022","6.677","6.610","6.780","6.441","8.48M","1.78%"
"01/24/2022","6.560","6.936","6.949","6.550","13.45M","-5.05%"
"01/21/2022","6.909","6.985","6.999","6.808","7.18M","-2.59%"
"01/20/2022","7.093","6.817","7.110","6.810","9.79M","4.00%"
"01/19/2022","6.820","7.030","7.103","6.809","10.42M","-4.33%"
"01/18/2022","7.129","7.121","7.173","7.004","6.80M","-1.55%"
"01/17/2022","7.241","7.277","7.305","7.208","4.17M","0.00%"
"01/14/2022","7.241","7.240","7.314","7.165","6.12M","-0.59%"
"01/13/2022","7.284","7.110","7.284","7.052","6.85M","2.35%"
"01/12/2022","7.117","7.303","7.339","7.081","7.94M","-1.82%"
"01/11/2022","7.249","7.326","7.340","7.194","6.33M","-0.26%"
"01/10/2022","7.268","7.122","7.316","7.110","11.77M","2.86%"
"01/07/2022","7.066","7.076","7.102","6.976","6.94M","-0.14%"
"01/06/2022","7.076","6.980","7.199","6.929","10.71M","-1.15%"
"01/05/2022","7.158","7.013","7.207","6.967","12.04M","1.53%"
"01/04/2022","7.050","6.800","7.108","6.759","22.05M","4.79%"
"01/03/2022","6.728","6.315","6.728","6.285","19.69M","8.87%"
"12/30/2021","6.180","6.220","6.257","6.100","4.16M","-1.06%"
"12/29/2021","6.246","6.280","6.321","6.223","5.15M","-0.78%"
"12/28/2021","6.295","6.268","6.324","6.213","5.22M","0.59%"
"12/27/2021","6.258","6.199","6.300","6.151","6.15M","-0.49%"
"12/23/2021","6.289","6.230","6.462","6.210","15.26M","0.98%"
"12/22/2021","6.228","6.163","6.260","6.076","9.93M","-0.08%"
"12/21/2021","6.233","5.922","6.233","5.890","13.16M","6.58%"
"12/20/2021","5.848","5.669","5.930","5.618","10.69M","-1.96%"
"12/17/2021","5.965","5.741","5.965","5.740","18.49M","4.16%"
"12/16/2021","5.727","5.790","5.848","5.717","8.05M","0.92%"
"12/15/2021","5.675","5.880","5.912","5.675","8.63M","-3.21%"
"12/14/2021","5.863","5.840","5.912","5.754","9.92M","0.81%"
"12/13/2021","5.816","6.049","6.079","5.806","11.52M","-3.36%"
"12/10/2021","6.018","6.000","6.130","5.991","9.02M","-0.95%"
"12/09/2021","6.076","6.190","6.191","6.040","8.26M","-1.95%"
"12/08/2021","6.197","6.070","6.208","5.883","14.53M","0.94%"
"12/07/2021","6.139","6.170","6.200","6.086","12.81M","0.80%"
"12/06/2021","6.090","5.750","6.090","5.678","17.44M","7.09%"
"12/03/2021","5.687","5.760","5.868","5.647","14.46M","1.10%"
"12/02/2021","5.625","5.510","5.739","5.480","17.45M","-0.14%"
"12/01/2021","5.633","5.501","5.764","5.425","18.31M","5.07%"
"11/30/2021","5.361","5.450","5.580","5.316","26.39M","-2.54%"
"11/29/2021","5.501","5.640","5.737","5.464","24.02M","1.57%"
"11/26/2021","5.416","5.500","5.643","5.239","53.96M","-12.84%"
"11/25/2021","6.214","6.149","6.236","6.070","6.13M","1.04%"
"11/24/2021","6.150","6.103","6.184","5.858","14.25M","0.54%"
"11/23/2021","6.117","6.031","6.222","6.031","8.52M","0.28%"
"11/22/2021","6.100","6.080","6.240","5.980","11.71M","0.84%"
"11/19/2021","6.049","6.186","6.238","5.868","21.55M","-2.21%"
"11/18/2021","6.186","6.349","6.349","6.142","13.00M","-2.96%"
"11/17/2021","6.375","6.570","6.633","6.375","11.84M","-2.13%"
"11/16/2021","6.514","6.632","6.706","6.498","13.60M","-1.79%"
"11/15/2021","6.633","6.660","6.818","6.587","9.26M","1.27%"
"11/12/2021","6.550","6.655","6.745","6.541","9.14M","-2.25%"
"11/11/2021","6.701","6.940","6.950","6.623","13.69M","-4.37%"
"11/10/2021","7.007","7.000","7.120","6.985","8.72M","0.06%"
"11/09/2021","7.003","6.980","7.122","6.926","11.29M","0.40%"
"11/08/2021","6.975","7.040","7.136","6.788","14.71M","0.71%"
"11/05/2021","6.926","6.520","6.962","6.420","21.92M","6.06%"
"11/04/2021","6.530","6.424","6.649","6.340","19.54M","3.49%"
"11/03/2021","6.310","6.069","6.310","6.046","26.04M","6.97%"
"11/02/2021","5.899","5.900","5.989","5.855","11.60M","1.32%"
"11/01/2021","5.822","5.718","5.836","5.682","8.85M","1.93%"
"10/29/2021","5.712","5.671","5.832","5.655","7.76M","0.44%"
"10/28/2021","5.687","5.680","5.720","5.578","8.24M","0.64%"
"10/27/2021","5.651","5.605","5.725","5.576","5.79M","0.41%"
"10/26/2021","5.628","5.518","5.720","5.490","8.88M","2.81%"
"10/25/2021","5.474","5.500","5.610","5.418","9.39M","0.11%"
"10/22/2021","5.468","5.550","5.555","5.404","11.06M","-1.10%"
"10/21/2021","5.529","5.426","5.610","5.371","11.34M","0.82%"
"10/20/2021","5.484","5.777","5.785","5.400","25.18M","-4.78%"
"10/19/2021","5.759","5.948","5.969","5.742","12.09M","-2.41%"
"10/18/2021","5.901","6.051","6.070","5.805","11.41M","-1.86%"
"10/15/2021","6.013","5.879","6.021","5.833","14.20M","4.56%"
"10/14/2021","5.751","5.730","5.853","5.691","8.62M","0.79%"
"10/13/2021","5.706","5.820","5.850","5.706","9.50M","-1.82%"
"10/12/2021","5.812","5.980","5.987","5.767","14.04M","-2.25%"
"10/11/2021","5.946","5.805","5.946","5.774","13.88M","3.07%"
"10/08/2021","5.769","5.724","5.832","5.677","8.38M","0.35%"
"10/07/2021","5.749","5.896","5.938","5.737","13.84M","-1.78%"
"10/06/2021","5.853","5.990","6.021","5.818","14.35M","-2.79%"
"10/05/2021","6.021","6.150","6.198","5.977","9.96M","-2.08%"
"10/04/2021","6.149","6.230","6.331","6.102","10.35M","-1.25%"
"10/01/2021","6.227","5.877","6.227","5.770","14.73M","4.85%"
"09/30/2021","5.939","6.010","6.181","5.825","41.37M","-4.99%"
"09/29/2021","6.251","6.380","6.462","6.130","18.19M","-3.24%"
"09/28/2021","6.460","6.559","6.637","6.381","13.61M","-1.54%"
"09/27/2021","6.561","6.300","6.610","6.260","19.64M","5.26%"
"09/24/2021","6.233","6.219","6.246","6.109","16.09M","0.52%"
"09/23/2021","6.201","6.400","6.418","6.180","16.43M","0.02%"
"09/22/2021","6.200","6.202","6.290","5.992","39.14M","3.70%"
"09/21/2021","5.978","6.247","6.494","5.978","26.92M","-3.31%"
"09/20/2021","6.183","5.709","6.382","5.707","23.27M","5.53%"
"09/17/2021","5.859","5.757","5.979","5.752","12.32M","2.61%"
"09/16/2021","5.710","5.638","5.734","5.567","5.72M","1.16%"
"09/15/2021","5.644","5.725","5.738","5.605","8.99M","-1.14%"
"09/14/2021","5.709","5.852","5.887","5.674","5.28M","-2.00%"
"09/13/2021","5.826","5.745","5.833","5.702","7.22M","1.54%"
"09/10/2021","5.737","5.813","5.827","5.709","8.57M","-1.18%"
"09/09/2021","5.806","5.859","5.870","5.725","8.55M","-0.91%"
"09/08/2021","5.859","5.831","6.018","5.782","7.77M","0.58%"
"09/07/2021","5.826","5.866","5.888","5.797","4.98M","-0.57%"
"09/06/2021","5.859","5.986","5.988","5.825","4.96M","-0.93%"
"09/03/2021","5.914","5.964","6.019","5.891","3.99M","-0.99%"
"09/02/2021","5.974","6.076","6.080","5.931","4.94M","-1.41%"
"09/01/2021","6.059","6.131","6.131","6.030","4.43M","0.06%"
"08/31/2021","6.056","6.081","6.109","6.009","7.42M","-1.52%"
"08/30/2021","6.149","6.210","6.263","6.131","3.11M","-1.52%"
"08/27/2021","6.244","6.248","6.287","6.149","4.50M","0.44%"
"08/26/2021","6.217","6.307","6.329","6.188","4.21M","-1.86%"
"08/25/2021","6.335","6.342","6.452","6.288","4.89M","0.14%"
"08/24/2021","6.326","6.203","6.374","6.173","4.60M","2.97%"
"08/23/2021","6.143","6.168","6.198","6.105","3.38M","0.68%"
"08/20/2021","6.102","6.259","6.266","6.010","7.31M","-2.65%"
"08/19/2021","6.268","6.306","6.363","6.245","6.45M","-1.69%"
"08/18/2021","6.376","6.309","6.402","6.288","4.35M","1.33%"
"08/17/2021","6.293","6.355","6.355","6.280","4.62M","-1.25%"
"08/16/2021","6.372","6.445","6.455","6.288","10.34M","-3.57%"
"08/13/2021","6.609","6.659","6.666","6.589","2.72M","-0.77%"
"08/12/2021","6.660","6.754","6.793","6.648","2.56M","-0.73%"
"08/11/2021","6.709","6.579","6.762","6.579","3.93M","1.72%"
"08/10/2021","6.596","6.623","6.654","6.562","3.29M","-0.48%"
"08/09/2021","6.628","6.709","6.731","6.594","3.39M","-1.00%"
"08/06/2021","6.695","6.794","6.836","6.600","4.97M","-0.47%"
"08/05/2021","6.726","6.694","6.727","6.406","7.68M","2.17%"
"08/04/2021","6.584","6.684","6.756","6.522","5.01M","-1.20%"
"08/03/2021","6.664","6.789","6.840","6.623","4.28M","-2.04%"
"08/02/2021","6.802","6.814","6.968","6.756","5.02M","-0.18%"
"07/30/2021","6.814","7.008","7.027","6.795","5.58M","-3.36%"
"07/29/2021","7.051","7.094","7.095","6.940","3.94M","-0.65%"
"07/28/2021","7.098","7.102","7.231","7.047","3.56M","0.41%"
"07/27/2021","7.068","6.992","7.144","6.928","3.93M","0.58%"
"07/26/2021","7.028","6.970","7.070","6.923","3.69M","-0.02%"
"07/23/2021","7.029","6.995","7.105","6.972","3.74M","1.08%"
"07/22/2021","6.954","7.065","7.184","6.909","3.79M","-1.07%"
"07/21/2021","7.029","6.988","7.123","6.929","4.06M","1.90%"
"07/20/2021","6.898","6.837","6.987","6.782","4.32M","2.36%"
"07/19/2021","6.739","6.859","6.882","6.569","6.89M","-2.94%"
"07/16/2021","6.943","6.871","7.046","6.871","4.29M","1.70%"
"07/15/2021","6.826","6.851","6.913","6.746","3.54M","-0.93%"
"07/14/2021","6.891","7.001","7.008","6.856","5.15M","-1.76%"
"07/13/2021","7.014","7.072","7.151","6.998","3.15M","-0.97%"
"07/12/2021","7.083","7.195","7.210","6.973","4.52M","-1.31%"
"07/09/2021","7.177","7.083","7.232","7.065","3.31M","1.60%"
"07/08/2021","7.064","7.025","7.115","6.923","4.69M","0.96%"
"07/07/2021","6.997","7.137","7.287","6.968","3.75M","-1.98%"
"07/06/2021","7.138","7.287","7.368","7.138","4.33M","-1.21%"
"07/05/2021","7.225","7.065","7.315","7.037","6.13M","3.05%"
"07/02/2021","7.011","7.030","7.045","6.951","3.02M","0.48%"
"07/01/2021","6.978","6.836","7.005","6.836","4.64M","3.02%"
"06/30/2021","6.773","6.724","6.796","6.572","5.06M","0.57%"
"06/29/2021","6.734","6.787","6.850","6.634","7.04M","-0.64%"
"06/28/2021","6.778","7.023","7.061","6.770","9.72M","-3.62%"
"06/25/2021","7.033","7.045","7.123","6.964","4.19M","0.11%"
"06/24/2021","7.025","7.032","7.137","6.980","6.05M","0.39%"
"06/23/2021","6.998","7.220","7.241","6.957","9.96M","-3.07%"
"06/22/2021","7.220","7.324","7.354","7.201","4.44M","-1.15%"
"06/21/2021","7.304","7.329","7.375","7.158","6.97M","-0.95%"
"06/18/2021","7.374","7.458","7.551","7.288","8.35M","-0.86%"
"06/17/2021","7.438","7.472","7.605","7.435","3.90M","-0.12%"
"06/16/2021","7.447","7.415","7.539","7.258","6.80M","0.95%"
"06/15/2021","7.377","7.729","7.735","7.365","10.34M","-3.22%"
"06/14/2021","7.622","7.779","7.806","7.622","3.74M","-0.74%"
"06/11/2021","7.679","7.615","7.679","7.559","4.60M","1.18%"
"06/10/2021","7.589","7.779","7.819","7.571","4.25M","-2.37%"
"06/09/2021","7.773","7.602","7.868","7.565","5.66M","2.89%"
"06/08/2021","7.555","7.565","7.621","7.381","6.80M","-2.14%"
"06/07/2021","7.721","7.723","7.758","7.541","3.65M","0.84%"
"06/04/2021","7.656","7.735","7.735","7.572","4.18M","-0.52%"
"06/03/2021","7.696","8.010","8.029","7.686","5.97M","-3.52%"
"06/02/2021","7.978","7.843","8.023","7.836","7.10M","2.64%"
"06/01/2021","7.772","7.708","7.826","7.638","5.76M","1.99%"
"05/31/2021","7.621","7.658","7.669","7.529","4.33M","-0.07%"
"05/28/2021","7.626","7.501","7.672","7.425","6.87M","2.73%"
"05/27/2021","7.424","7.329","7.498","7.308","5.90M","1.31%"
"05/26/2021","7.328","7.414","7.414","7.307","3.44M","-0.45%"
"05/25/2021","7.361","7.315","7.408","7.260","8.55M","1.50%"
"05/21/2021","7.252","7.280","7.362","7.235","22.71M","-6.50%"
"05/20/2021","7.756","7.779","7.822","7.619","2.58M","0.52%"
"05/19/2021","7.716","7.743","7.779","7.582","3.42M","-0.95%"
"05/18/2021","7.791","7.708","7.866","7.642","4.15M","2.75%"
"05/17/2021","7.582","7.813","7.836","7.564","3.64M","-1.96%"
"05/14/2021","7.733","7.551","7.743","7.499","3.98M","3.69%"
"05/13/2021","7.458","7.559","7.559","7.235","4.77M","-1.42%"
"05/12/2021","7.565","7.688","7.756","7.524","5.62M","-1.41%"
"05/11/2021","7.673","7.958","7.982","7.602","9.03M","-5.52%"
"05/10/2021","8.122","8.065","8.159","7.973","4.14M","1.26%"
"05/07/2021","8.020","7.836","8.020","7.778","4.36M","2.80%"
"05/06/2021","7.802","7.830","7.918","7.718","3.44M","0.39%"
"05/05/2021","7.772","8.050","8.050","7.742","5.17M","-1.00%"
"05/04/2021","7.850","7.922","8.122","7.829","7.42M","-0.18%"
"05/03/2021","7.865","7.829","7.980","7.818","5.76M","2.63%"
"04/30/2021","7.663","7.636","7.733","7.576","4.54M","1.42%"
"04/29/2021","7.556","7.815","7.816","7.412","7.70M","-3.18%"
"04/28/2021","7.805","7.765","7.868","7.692","4.73M","1.02%"
"04/27/2021","7.726","7.765","7.816","7.619","4.32M","0.52%"
"04/26/2021","7.686","7.534","7.766","7.509","5.66M","3.88%"
"04/23/2021","7.399","7.499","7.499","7.301","3.81M","-1.63%"
"04/22/2021","7.522","7.411","7.532","7.301","5.49M","2.71%"
"04/21/2021","7.324","7.272","7.422","7.143","5.63M","1.72%"
"04/20/2021","7.200","7.739","7.739","7.200","11.07M","-6.45%"
"04/19/2021","7.696","7.708","7.779","7.558","4.57M","1.45%"
"04/16/2021","7.586","7.615","7.775","7.579","4.28M","-0.34%"
"04/15/2021","7.612","7.783","7.858","7.582","5.92M","-1.86%"
"04/14/2021","7.756","7.622","7.796","7.576","3.99M","1.99%"
"04/13/2021","7.605","7.768","7.828","7.552","7.17M","-2.33%"
"04/12/2021","7.786","7.965","8.005","7.762","5.10M","-1.71%"
"04/09/2021","7.922","8.053","8.100","7.856","5.10M","-1.49%"
"04/08/2021","8.042","8.269","8.304","7.950","5.03M","-2.42%"
"04/07/2021","8.242","7.996","8.366","7.996","7.77M","2.98%"
"04/06/2021","8.003","7.948","8.012","7.802","5.73M","2.24%"
"04/01/2021","7.828","8.110","8.329","7.518","11.02M","-2.98%"
"03/31/2021","8.068","8.164","8.297","8.054","4.38M","-1.22%"
"03/30/2021","8.168","7.879","8.222","7.850","5.94M","4.47%"
"03/29/2021","7.818","7.850","7.893","7.751","1.94M","0.18%"
"03/26/2021","7.804","7.922","7.993","7.779","3.75M","-0.27%"
"03/25/2021","7.826","7.826","7.843","7.561","6.42M","-0.54%"
"03/24/2021","7.868","7.529","7.925","7.397","8.28M","2.75%"
"03/23/2021","7.658","7.886","7.886","7.615","9.45M","-3.98%"
"03/22/2021","7.975","8.054","8.079","7.786","9.09M","-3.12%"
"03/19/2021","8.232","8.471","8.482","8.150","13.10M","-3.79%"
"03/18/2021","8.557","8.578","8.671","8.475","3.90M","-0.37%"
"03/17/2021","8.589","8.618","8.678","8.482","3.82M","-0.62%"
"03/16/2021","8.643","8.707","8.746","8.528","5.00M","0.54%"
"03/15/2021","8.596","8.636","8.728","8.482","5.20M","1.05%"
"03/12/2021","8.507","8.685","8.696","8.346","6.61M","-1.57%"
"03/11/2021","8.643","8.664","8.664","8.446","4.81M","0.50%"
"03/10/2021","8.600","8.771","8.825","8.578","5.60M","-2.63%"
"03/09/2021","8.832","8.932","9.110","8.732","8.52M","-0.28%"
"03/08/2021","8.857","8.528","8.885","8.496","7.36M","5.66%"
"03/05/2021","8.382","8.671","8.735","8.364","9.09M","-5.32%"
"03/04/2021","8.853","8.957","9.110","8.739","7.43M","-2.97%"
"03/03/2021","9.124","9.049","9.171","9.028","5.83M","1.23%"
"03/02/2021","9.014","9.046","9.103","8.917","4.80M","-0.24%"
"03/01/2021","9.035","8.921","9.249","8.867","7.77M","3.05%"
"02/26/2021","8.768","8.457","8.950","8.336","10.43M","1.78%"
"02/25/2021","8.614","8.743","8.900","8.596","8.76M","0.00%"
"02/24/2021","8.614","8.336","8.643","8.243","7.02M","3.52%"
"02/23/2021","8.322","8.243","8.689","8.161","13.70M","2.10%"
"02/22/2021","8.150","7.886","8.150","7.818","8.85M","3.44%"
"02/19/2021","7.879","7.658","7.879","7.622","4.45M","3.03%"
"02/18/2021","7.647","7.779","7.811","7.590","4.34M","-2.06%"
"02/17/2021","7.808","7.886","7.925","7.693","4.18M","-0.77%"
"02/16/2021","7.868","7.850","7.965","7.808","3.61M","0.27%"
"02/15/2021","7.847","7.711","7.922","7.683","5.49M","3.09%"
"02/12/2021","7.611","7.676","7.679","7.476","3.54M","-0.84%"
"02/11/2021","7.676","7.558","7.715","7.451","4.96M","1.94%"
"02/10/2021","7.529","7.708","7.772","7.483","5.40M","-1.68%"
"02/09/2021","7.658","7.918","7.925","7.651","4.25M","-3.07%"
"02/08/2021","7.900","7.943","7.986","7.776","3.77M","-0.27%"
"02/05/2021","7.922","7.975","8.000","7.811","4.82M","-0.22%"
"02/04/2021","7.940","7.908","7.997","7.883","4.25M","0.54%"
"02/03/2021","7.897","7.850","7.929","7.761","4.59M","1.42%"
"02/02/2021","7.786","7.754","7.861","7.722","6.01M","1.63%"
"02/01/2021","7.661","7.672","7.790","7.533","4.46M","0.85%"
"01/29/2021","7.597","7.633","7.850","7.544","9.99M","-2.43%"
"01/28/2021","7.786","7.280","8.011","7.155","26.39M","6.28%"
"01/27/2021","7.326","6.936","7.479","6.887","14.97M","4.17%"
"01/26/2021","7.033","6.873","7.128","6.780","6.50M","2.26%"
"01/25/2021","6.877","7.103","7.133","6.750","12.34M","-3.29%"
"01/22/2021","7.111","7.265","7.287","7.023","7.64M","-2.70%"
"01/21/2021","7.308","7.508","7.554","7.247","4.27M","-2.10%"
"01/20/2021","7.465","7.490","7.511","7.347","3.25M","0.24%"
"01/19/2021","7.447","7.422","7.522","7.351","5.44M","1.80%"
"01/18/2021","7.315","7.369","7.369","7.201","6.73M","-2.57%"
"01/15/2021","7.508","7.422","7.597","7.337","5.45M","0.05%"
"01/14/2021","7.504","7.244","7.579","7.244","5.79M","3.70%"
"01/13/2021","7.237","7.379","7.379","7.208","4.66M","-2.12%"
"01/12/2021","7.394","7.319","7.433","7.244","3.83M","1.97%"
"01/11/2021","7.251","7.440","7.444","7.162","5.12M","-2.87%"
"01/08/2021","7.465","7.569","7.718","7.440","5.64M","-0.19%"
"01/07/2021","7.479","7.572","7.590","7.305","5.19M","-0.57%"
"01/06/2021","7.522","7.319","7.586","7.190","5.99M","4.15%"
"01/05/2021","7.222","7.172","7.301","7.030","6.49M","0.25%"
"01/04/2021","7.205","7.850","7.883","7.194","11.50M","-6.66%"